rank_adp,player,pos,year,team,points,games,avg_scoring
1,Arian Foster,RB,2012,HOU,282.2,15.0,18.8
2,Ray Rice,RB,2012,BAL,282.6,15.0,18.8
3,LeSean McCoy,RB,2012,PHI,183.7,11.0,16.7
4,Aaron Rodgers,QB,2012,GB,315.9,15.0,21.1
5,Calvin Johnson,WR,2012,DET,330.2,15.0,22.0
6,Chris Johnson,RB,2012,TEN,198.0,15.0,13.2
7,Darren McFadden,RB,2012,LV,144.6,11.0,13.2
8,Tom Brady,QB,2012,NE,320.8,15.0,21.4
9,Drew Brees,QB,2012,NO,315.8,15.0,21.1
10,Jimmy Graham,TE,2012,NO,210.7,14.0,15.1
11,Matt Forte,RB,2012,CHI,201.0,14.0,14.4
12,DeMarco Murray,RB,2012,DAL,135.8,9.0,15.1
13,Rob Gronkowski,TE,2012,NE,185.8,10.0,18.6
15,Adrian Peterson,RB,2012,MIN,314.3,15.0,21.0
16,Jamaal Charles,RB,2012,KC,231.8,15.0,15.5
17,Cam Newton,QB,2012,CAR,312.0,15.0,20.8
18,Julio Jones,WR,2012,ATL,253.2,15.0,16.9
19,Larry Fitzgerald,WR,2012,ARI,171.5,15.0,11.4
20,Marshawn Lynch,RB,2012,SEA,256.2,15.0,17.1
21,Matthew Stafford,QB,2012,DET,258.7,15.0,17.3
22,Trent Richardson,RB,2012,CLE,254.7,15.0,17.0
23,Steven Jackson,RB,2012,LAR,183.9,15.0,12.3
24,Fred Jackson,RB,2012,BUF,115.4,10.0,11.5
25,Andre Johnson,WR,2012,HOU,269.7,15.0,18.0
26,Wes Welker,WR,2012,NE,264.9,15.0,17.7
27,Doug Martin,RB,2012,TB,285.6,15.0,19.0
28,A.J. Green,WR,2012,CIN,295.2,15.0,19.7
29,Brandon Marshall,WR,2012,CHI,325.6,15.0,21.7
30,Ryan Mathews,RB,2012,LAC,136.9,12.0,11.4
32,Darren Sproles,RB,2012,NO,194.1,12.0,16.2
33,Victor Cruz,WR,2012,NYG,240.0,15.0,16.0
34,Michael Turner,RB,2012,ATL,168.0,15.0,11.2
35,Roddy White,WR,2012,ATL,259.9,15.0,17.3
36,Ahmad Bradshaw,RB,2012,NYG,157.2,13.0,12.1
37,Frank Gore,RB,2012,SF,206.9,15.0,13.8
38,Hakeem Nicks,WR,2012,NYG,140.2,12.0,11.7
39,Jordy Nelson,WR,2012,GB,149.8,11.0,13.6
40,Reggie Bush,RB,2012,MIA,199.9,15.0,13.3
41,Antonio Gates,TE,2012,LAC,135.3,14.0,9.7
42,Aaron Hernandez,TE,2012,NE,120.4,9.0,13.4
43,Percy Harvin,WR,2012,MIN,161.3,9.0,17.9
44,Dez Bryant,WR,2012,DAL,288.6,15.0,19.2
45,Marques Colston,WR,2012,NO,232.2,15.0,15.5
46,Willis McGahee,RB,2012,DEN,139.2,10.0,13.9
47,Michael Vick,QB,2012,PHI,139.2,9.0,15.5
48,Matt Ryan,QB,2012,ATL,290.4,15.0,19.4
49,Steve Smith,WR,2012,CAR,204.8,15.0,13.7
50,Mike Wallace,WR,2012,PIT,194.3,15.0,13.0
51,Vernon Davis,TE,2012,SF,124.3,15.0,8.3
52,Eli Manning,QB,2012,NYG,204.7,15.0,13.7
53,Shonn Greene,RB,2012,NYJ,176.7,15.0,11.8
54,Antonio Brown,WR,2012,PIT,161.5,12.0,13.5
55,BenJarvus Green-Ellis,RB,2012,CIN,173.8,15.0,11.6
56,Jermichael Finley,TE,2012,GB,122.5,15.0,8.2
57,Jeremy Maclin,WR,2012,PHI,182.5,14.0,13.0
58,Demaryius Thomas,WR,2012,DEN,266.2,15.0,17.8
60,Miles Austin,WR,2012,DAL,194.3,15.0,13.0
61,Brandon Lloyd,WR,2012,NE,187.2,15.0,12.5
62,Donald Brown,RB,2012,IND,68.0,10.0,6.8
63,Philip Rivers,QB,2012,LAC,194.5,15.0,13.0
64,Peyton Manning,QB,2012,DEN,286.8,15.0,19.1
65,Vincent Jackson,WR,2012,TB,252.4,15.0,16.8
66,Dwayne Bowe,WR,2012,KC,155.1,13.0,11.9
67,Isaac Redman,RB,2012,PIT,85.7,13.0,6.6
68,Eric Decker,WR,2012,DEN,242.8,15.0,16.2
69,Peyton Hillis,RB,2012,KC,48.7,12.0,4.1
70,DeSean Jackson,WR,2012,PHI,126.3,11.0,11.5
71,Brandon Pettigrew,TE,2012,DET,126.6,13.0,9.7
72,Stevan Ridley,RB,2012,NE,186.0,15.0,12.4
73,Tony Romo,QB,2012,DAL,267.0,15.0,17.8
74,Torrey Smith,WR,2012,BAL,183.8,15.0,12.3
75,Jason Witten,TE,2012,DAL,213.3,15.0,14.2
76,Steve Johnson,WR,2012,BUF,200.5,15.0,13.4
78,C.J. Spiller,RB,2012,BUF,236.2,15.0,15.8
79,Jonathan Stewart,RB,2012,CAR,78.3,9.0,8.7
80,Ben Tate,RB,2012,HOU,53.1,10.0,5.3
81,Mark Ingram,RB,2012,NO,95.2,15.0,6.4
82,Robert Griffin,QB,2012,WAS,301.1,14.0,21.5
83,DeAngelo Williams,RB,2012,CAR,109.1,15.0,7.3
84,Reggie Wayne,WR,2012,IND,261.0,15.0,17.4
85,David Wilson,RB,2012,NYG,55.2,15.0,3.7
86,Kenny Britt,WR,2012,TEN,123.8,13.0,9.5
87,Pierre Garcon,WR,2012,WAS,124.6,9.0,13.8
90,Kevin Smith,RB,2012,DET,43.3,12.0,3.6
91,Ben Roethlisberger,QB,2012,PIT,206.7,12.0,17.2
92,Tony Gonzalez,TE,2012,ATL,224.9,15.0,15.0
94,Jay Cutler,QB,2012,CHI,167.3,14.0,12.0
95,Michael Bush,RB,2012,CHI,86.4,13.0,6.7
96,Robert Meachem,WR,2012,LAC,46.1,14.0,3.3
97,Justin Blackmon,WR,2012,JAC,163.8,15.0,10.9
98,Jermaine Gresham,TE,2012,CIN,165.7,15.0,11.1
99,Rashad Jennings,RB,2012,JAC,72.3,10.0,7.2
100,Malcom Floyd,WR,2012,LAC,167.4,14.0,12.0
101,Matt Schaub,QB,2012,HOU,216.9,15.0,14.5
102,Titus Young,WR,2012,DET,96.9,10.0,9.7
103,Darrius Heyward-Bey,WR,2012,LV,123.9,14.0,8.9
104,San Francisco 49ers,DST,2012,SF,143.0,15.0,9.5
105,Andrew Luck,QB,2012,IND,260.7,15.0,17.4
106,Toby Gerhart,RB,2012,MIN,50.0,15.0,3.3
107,Jacob Tamme,TE,2012,DEN,117.2,15.0,7.8
108,Denarius Moore,WR,2012,LV,159.1,14.0,11.4
109,Anquan Boldin,WR,2012,BAL,183.4,15.0,12.2
110,Jared Cook,TE,2012,TEN,118.3,13.0,9.1
112,Nate Washington,WR,2012,TEN,141.5,15.0,9.4
113,Michael Crabtree,WR,2012,SF,213.1,15.0,14.2
114,Sidney Rice,WR,2012,SEA,168.4,15.0,11.2
115,Greg Olsen,TE,2012,CAR,175.0,15.0,11.7
116,Lance Moore,WR,2012,NO,189.0,14.0,13.5
117,Mikel Leshoure,RB,2012,DET,172.5,13.0,13.3
118,Brent Celek,TE,2012,PHI,122.1,14.0,8.7
119,Joe Flacco,QB,2012,BAL,233.7,15.0,15.6
120,Greg Little,WR,2012,CLE,130.4,15.0,8.7
121,Pierre Thomas,RB,2012,NO,133.7,15.0,8.9
122,Carson Palmer,QB,2012,LV,224.3,15.0,15.0
123,Houston Texans,DST,2012,HOU,152.0,15.0,10.1
124,Baltimore Ravens,DST,2012,BAL,112.0,15.0,7.5
125,Jacquizz Rodgers,RB,2012,ATL,125.6,15.0,8.4
126,Ronnie Hillman,RB,2012,DEN,53.9,13.0,4.2
127,Owen Daniels,TE,2012,HOU,163.9,14.0,11.7
128,Daniel Thomas,RB,2012,MIA,83.1,12.0,6.9
129,Mike Williams,WR,2012,TB,199.2,15.0,13.3
130,Josh Freeman,QB,2012,TB,237.6,15.0,15.8
131,David Akers,K,2012,SF,132.0,15.0,8.8
132,Evan Royster,RB,2012,WAS,45.8,15.0,3.1
133,Andy Dalton,QB,2012,CIN,243.2,15.0,16.2
134,Pittsburgh Steelers,DST,2012,PIT,95.0,15.0,6.3
136,Coby Fleener,TE,2012,IND,59.0,11.0,5.4
137,LeGarrette Blount,RB,2012,TB,28.3,13.0,2.2
139,Danny Amendola,WR,2012,LAR,139.7,10.0,14.0
140,Kyle Rudolph,TE,2012,MIN,154.3,15.0,10.3
141,Stephen Gostkowski,K,2012,NE,162.0,15.0,10.8
142,Sebastian Janikowski,K,2012,LV,132.0,15.0,8.8
143,Ronnie Brown,RB,2012,LAC,104.8,13.0,8.1
144,Randall Cobb,WR,2012,GB,234.6,15.0,15.6
145,Jake Locker,QB,2012,TEN,125.9,10.0,12.6
146,Mason Crosby,K,2012,GB,113.0,15.0,7.5
147,Chicago Bears,DST,2012,CHI,215.0,15.0,14.3
149,Kendall Wright,WR,2012,TEN,143.0,14.0,10.2
150,Ryan Fitzpatrick,QB,2012,BUF,200.7,15.0,13.4
152,Felix Jones,RB,2012,DAL,115.0,15.0,7.7
153,Randy Moss,WR,2012,SF,84.6,15.0,5.6
154,New York Giants,DST,2012,NYG,125.0,15.0,8.3
155,Shane Vereen,RB,2012,NE,66.2,12.0,5.5
156,Isaiah Pead,RB,2012,LAR,5.9,14.0,0.4
157,Kendall Hunter,RB,2012,SF,62.1,11.0,5.7
159,Philadelphia Eagles,DST,2012,PHI,57.0,15.0,3.8
160,Detroit Lions,DST,2012,DET,66.0,15.0,4.4
161,Brandon LaFell,WR,2012,CAR,127.6,13.0,9.8
162,Russell Wilson,QB,2012,SEA,249.6,15.0,16.6
163,Alfred Morris,RB,2012,WAS,210.8,15.0,14.1
164,Green Bay Packers,DST,2012,GB,125.0,15.0,8.3
165,Robert Turbin,RB,2012,SEA,70.8,15.0,4.7
167,Jonathan Dwyer,RB,2012,PIT,91.8,12.0,7.7
168,Dan Bailey,K,2012,DAL,132.0,15.0,8.8
169,Garrett Hartley,K,2012,NO,109.0,15.0,7.3
170,Doug Baldwin,WR,2012,SEA,79.7,13.0,6.1
171,Santana Moss,WR,2012,WAS,141.3,15.0,9.4
172,Michael Floyd,WR,2012,ARI,82.6,15.0,5.5
173,Mike Goodson,RB,2012,LV,62.7,11.0,5.7
174,Seattle Seahawks,DST,2012,SEA,172.0,15.0,11.5
176,Mario Manningham,WR,2012,SF,97.3,12.0,8.1
177,Alshon Jeffery,WR,2012,CHI,67.1,9.0,7.5
178,Martellus Bennett,TE,2012,NYG,145.1,15.0,9.7
179,Sam Bradford,QB,2012,LAR,217.7,15.0,14.5
180,New England Patriots,DST,2012,NE,146.0,15.0,9.7
182,Alex Smith,QB,2012,SF,122.6,9.0,13.6
183,Alex Henery,K,2012,PHI,116.0,15.0,7.7
184,Taiwan Jones,RB,2012,LV,5.2,13.0,0.4
185,Matt Bryant,K,2012,ATL,156.0,15.0,10.4
186,Brian Quick,WR,2012,LAR,38.6,14.0,2.8
187,New York Jets,DST,2012,NYJ,108.0,15.0,7.2
188,Robbie Gould,K,2012,CHI,106.0,13.0,8.2
189,Buffalo Bills,DST,2012,BUF,62.0,15.0,4.1
190,Joel Dreessen,TE,2012,DEN,103.1,15.0,6.9
191,Dallas Clark,TE,2012,TB,114.5,15.0,7.6
192,Jon Baldwin,WR,2012,KC,58.5,14.0,4.2
193,Dallas Cowboys,DST,2012,DAL,85.0,15.0,5.7
194,Rob Bironas,K,2012,TEN,108.0,15.0,7.2
195,Matt Prater,K,2012,DEN,135.0,15.0,9.0
196,Scott Chandler,TE,2012,BUF,134.1,15.0,8.9
197,Marcedes Lewis,TE,2012,JAC,112.7,15.0,7.5
198,Denver Broncos,DST,2012,DEN,160.0,15.0,10.7
199,Benjamin Watson,TE,2012,CLE,103.7,15.0,6.9
201,Jerome Simpson,WR,2012,MIN,44.5,11.0,4.1
202,Jason Hanson,K,2012,DET,35.0,15.0,2.3
203,Mark Sanchez,QB,2012,NYJ,113.8,14.0,8.1
205,Davone Bess,WR,2012,MIA,144.8,13.0,11.1
206,Rueben Randle,WR,2012,NYG,45.0,15.0,3.0
208,Lance Kendricks,TE,2012,LAR,113.6,15.0,7.6
209,Heath Miller,TE,2012,PIT,202.6,15.0,13.5
211,Ed Dickson,TE,2012,BAL,31.1,12.0,2.6
212,Lamar Miller,RB,2012,MIA,36.0,12.0,3.0
213,Alex Green,RB,2012,GB,76.9,12.0,6.4
217,Cincinnati Bengals,DST,2012,CIN,145.0,15.0,9.7
219,Braylon Edwards,WR,2012,Multi,35.7,12.0,3.0
220,Stephen Hill,WR,2012,NYJ,64.2,11.0,5.8
221,Steve Smith,WR,2012,CAR,204.8,15.0,13.7
222,Earl Bennett,WR,2012,CHI,56.6,11.0,5.2
223,Emmanuel Sanders,WR,2012,PIT,104.2,15.0,7.0
224,Leonard Hankerson,WR,2012,WAS,108.6,15.0,7.2
228,Mike Tolbert,RB,2012,CAR,90.4,15.0,6.0
230,Christian Ponder,QB,2012,MIN,171.1,15.0,11.4
231,Josh Gordon,WR,2012,CLE,152.6,15.0,10.2
232,Tony Moeaki,TE,2012,KC,80.2,14.0,5.7
234,Atlanta Falcons,DST,2012,ATL,131.0,15.0,8.7
235,Matt Cassel,QB,2012,KC,78.2,9.0,8.7
236,Ryan Tannehill,QB,2012,MIA,176.5,15.0,11.8
237,Tim Tebow,TE,2012,NYJ,11.8,11.0,1.1
238,Montario Hardesty,RB,2012,CLE,33.0,12.0,2.8
239,Mohamed Sanu,WR,2012,CIN,63.8,9.0,7.1
240,Arizona Cardinals,DST,2012,ARI,148.0,15.0,9.9
241,Shayne Graham,K,2012,HOU,141.0,15.0,9.4
242,James Jones,WR,2012,GB,208.2,15.0,13.9
243,New Orleans Saints,DST,2012,NO,108.0,15.0,7.2
244,Ryan Broyles,WR,2012,DET,65.0,10.0,6.5
245,Adam Vinatieri,K,2012,IND,128.0,15.0,8.5
246,Kansas City Chiefs,DST,2012,KC,57.0,15.0,3.8
247,Rod Streater,WR,2012,LV,103.7,15.0,6.9
249,Devery Henderson,WR,2012,NO,58.3,14.0,4.2
250,Justin Tucker,K,2012,BAL,144.0,15.0,9.6
1,Adrian Peterson,RB,2013,MIN,232.7,14.0,16.6
3,Jamaal Charles,RB,2013,KC,378.0,15.0,25.2
5,C.J. Spiller,RB,2013,BUF,136.5,14.0,9.8
6,Calvin Johnson,WR,2013,DET,303.2,14.0,21.7
7,Ray Rice,RB,2013,BAL,164.1,14.0,11.7
8,LeSean McCoy,RB,2013,PHI,310.2,15.0,20.7
9,Marshawn Lynch,RB,2013,SEA,258.2,15.0,17.2
10,Trent Richardson,RB,2013,Multi,132.7,15.0,8.9
11,Matt Forte,RB,2013,CHI,299.6,15.0,20.0
12,Alfred Morris,RB,2013,WAS,170.0,15.0,11.3
13,Dez Bryant,WR,2013,DAL,268.5,15.0,17.9
14,A.J. Green,WR,2013,CIN,290.5,15.0,19.4
15,Jimmy Graham,TE,2013,NO,285.4,15.0,19.0
16,Steven Jackson,RB,2013,ATL,134.0,11.0,12.2
17,Brandon Marshall,WR,2013,CHI,286.1,15.0,19.1
18,Chris Johnson,RB,2013,TEN,217.1,15.0,14.5
20,Reggie Bush,RB,2013,DET,221.7,13.0,17.1
22,Drew Brees,QB,2013,NO,319.6,15.0,21.3
23,Demaryius Thomas,WR,2013,DEN,289.7,15.0,19.3
24,Stevan Ridley,RB,2013,NE,120.1,13.0,9.2
25,Maurice Jones-Drew,RB,2013,JAC,175.0,14.0,12.5
26,Larry Fitzgerald,WR,2013,ARI,218.9,15.0,14.6
28,DeMarco Murray,RB,2013,DAL,246.4,13.0,19.0
29,Darren Sproles,RB,2013,NO,168.5,14.0,12.0
30,Andre Johnson,WR,2013,HOU,268.8,15.0,17.9
32,Roddy White,WR,2013,ATL,127.0,12.0,10.6
33,Frank Gore,RB,2013,SF,189.5,15.0,12.6
34,Victor Cruz,WR,2013,NYG,194.8,14.0,13.9
35,Peyton Manning,QB,2013,DEN,383.5,15.0,25.6
36,Vincent Jackson,WR,2013,TB,234.9,15.0,15.7
38,Darren McFadden,RB,2013,LV,93.2,9.0,10.4
39,Lamar Miller,RB,2013,MIA,115.2,15.0,7.7
40,Wes Welker,WR,2013,DEN,208.8,13.0,16.1
41,Danny Amendola,WR,2013,NE,127.5,11.0,11.6
42,Dwayne Bowe,WR,2013,KC,154.3,15.0,10.3
43,Eddie Lacy,RB,2013,GB,226.4,14.0,16.2
45,Tom Brady,QB,2013,NE,242.9,15.0,16.2
46,Marques Colston,WR,2013,NO,186.6,14.0,13.3
47,Jason Witten,TE,2013,DAL,180.6,15.0,12.0
48,Cam Newton,QB,2013,CAR,278.6,15.0,18.6
49,Matt Ryan,QB,2013,ATL,231.0,15.0,15.4
50,Ryan Mathews,RB,2013,LAC,192.9,15.0,12.9
51,Pierre Garcon,WR,2013,WAS,265.9,15.0,17.7
52,Vernon Davis,TE,2013,SF,199.5,14.0,14.3
53,Hakeem Nicks,WR,2013,NYG,138.6,14.0,9.9
54,Giovani Bernard,RB,2013,CIN,210.6,15.0,14.0
55,Jordy Nelson,WR,2013,GB,238.3,15.0,15.9
56,Tony Gonzalez,TE,2013,ATL,209.3,15.0,14.0
57,Eric Decker,WR,2013,DEN,267.1,15.0,17.8
58,Antonio Brown,WR,2013,PIT,291.2,15.0,19.4
59,Montee Ball,RB,2013,DEN,96.0,15.0,6.4
60,Colin Kaepernick,QB,2013,SF,241.6,15.0,16.1
61,Torrey Smith,WR,2013,BAL,198.1,15.0,13.2
64,Mike Wallace,WR,2013,MIA,185.8,15.0,12.4
65,Matthew Stafford,QB,2013,DET,266.3,15.0,17.8
67,DeSean Jackson,WR,2013,PHI,263.6,15.0,17.6
68,Steve Smith,WR,2013,CAR,162.5,15.0,10.8
69,Andrew Luck,QB,2013,IND,276.5,15.0,18.4
70,Robert Griffin,QB,2013,WAS,213.0,13.0,16.4
71,James Jones,WR,2013,GB,146.6,13.0,11.3
72,Chris Ivory,RB,2013,NYJ,102.4,14.0,7.3
73,Rashard Mendenhall,RB,2013,ARI,138.1,14.0,9.9
74,Tony Romo,QB,2013,DAL,260.8,15.0,17.4
75,T.Y. Hilton,WR,2013,IND,194.4,15.0,13.0
76,Russell Wilson,QB,2013,SEA,259.5,15.0,17.3
77,DeAngelo Williams,RB,2013,CAR,152.8,14.0,10.9
78,Tavon Austin,WR,2013,LAR,124.9,13.0,9.6
80,Cecil Shorts,WR,2013,JAC,161.7,13.0,12.4
81,Steve Johnson,WR,2013,BUF,130.7,12.0,10.9
82,Mark Ingram,RB,2013,NO,55.1,10.0,5.5
83,BenJarvus Green-Ellis,RB,2013,CIN,113.2,15.0,7.6
84,Miles Austin,WR,2013,DAL,44.2,10.0,4.4
85,Greg Olsen,TE,2013,CAR,174.4,15.0,11.6
86,Greg Jennings,WR,2013,MIN,163.0,14.0,11.6
87,Anquan Boldin,WR,2013,SF,215.0,15.0,14.3
89,Ben Tate,RB,2013,HOU,145.1,14.0,10.4
90,Antonio Gates,TE,2013,LAC,171.1,15.0,11.4
92,Josh Gordon,WR,2013,CLE,299.2,13.0,23.0
93,Seattle Seahawks,DST,2013,SEA,180.0,15.0,12.0
94,Jared Cook,TE,2013,LAR,132.1,15.0,8.8
95,Eli Manning,QB,2013,NYG,162.4,15.0,10.8
96,Kenny Britt,WR,2013,TEN,20.6,12.0,1.7
97,Lance Moore,WR,2013,NO,75.4,12.0,6.3
99,San Francisco 49ers,DST,2013,SF,157.0,15.0,10.5
100,Golden Tate,WR,2013,SEA,159.8,15.0,10.7
102,Bernard Pierce,RB,2013,BAL,77.4,15.0,5.2
103,Chris Givens,WR,2013,LAR,90.1,15.0,6.0
104,Ronnie Hillman,RB,2013,DEN,46.7,9.0,5.2
105,Andy Dalton,QB,2013,CIN,268.5,15.0,17.9
106,Fred Jackson,RB,2013,BUF,214.4,15.0,14.3
107,Chicago Bears,DST,2013,CHI,105.0,15.0,7.0
108,Kenbrell Thompkins,WR,2013,NE,102.6,11.0,9.3
110,Jordan Cameron,TE,2013,CLE,201.8,14.0,14.4
111,Bryce Brown,RB,2013,PHI,54.7,15.0,3.7
112,Danny Woodhead,RB,2013,LAC,210.4,15.0,14.0
113,Houston Texans,DST,2013,HOU,60.0,15.0,4.0
114,DeAndre Hopkins,WR,2013,HOU,134.7,15.0,9.0
115,Vincent Brown,WR,2013,LAC,94.2,15.0,6.3
116,Denver Broncos,DST,2013,DEN,110.0,15.0,7.3
117,Brandon Myers,TE,2013,NYG,120.3,15.0,8.0
118,Michael Floyd,WR,2013,ARI,184.0,15.0,12.3
120,Emmanuel Sanders,WR,2013,PIT,176.9,15.0,11.8
121,Pierre Thomas,RB,2013,NO,201.9,15.0,13.5
122,Ben Roethlisberger,QB,2013,PIT,250.8,15.0,16.7
124,Martellus Bennett,TE,2013,CHI,166.4,15.0,11.1
125,Cincinnati Bengals,DST,2013,CIN,152.0,15.0,10.1
126,New England Patriots,DST,2013,NE,140.0,15.0,9.3
127,Jacquizz Rodgers,RB,2013,ATL,141.3,15.0,9.4
128,Brandon Pettigrew,TE,2013,DET,92.6,14.0,6.6
129,Fred Davis,TE,2013,WAS,20.0,9.0,2.2
130,Zach Sudfeld,TE,2013,Multi,9.6,13.0,0.7
131,Alshon Jeffery,WR,2013,CHI,274.6,15.0,18.3
132,Stephen Gostkowski,K,2013,NE,164.0,15.0,10.9
133,Denarius Moore,WR,2013,LV,135.2,12.0,11.3
135,Carson Palmer,QB,2013,ARI,195.1,15.0,13.0
136,Joe Flacco,QB,2013,BAL,201.8,15.0,13.5
137,Jay Cutler,QB,2013,CHI,153.7,10.0,15.4
138,Blair Walsh,K,2013,MIN,128.0,15.0,8.5
139,Brian Hartline,WR,2013,MIA,195.8,15.0,13.1
140,Joique Bell,RB,2013,DET,207.1,15.0,13.8
141,Le'Veon Bell,RB,2013,PIT,200.3,12.0,16.7
142,Knowshon Moreno,RB,2013,DEN,279.2,15.0,18.6
143,Matt Schaub,QB,2013,HOU,100.8,9.0,11.2
146,Rueben Randle,WR,2013,NYG,136.1,15.0,9.1
148,Matt Bryant,K,2013,ATL,113.0,15.0,7.5
149,Shonn Greene,RB,2013,TEN,62.4,10.0,6.2
151,Michael Bush,RB,2013,CHI,51.4,14.0,3.7
152,Matt Prater,K,2013,DEN,158.0,15.0,10.5
153,Cordarrelle Patterson,RB,2013,MIN,127.2,15.0,8.5
154,Isaiah Pead,RB,2013,LAR,22.9,9.0,2.5
155,Bilal Powell,RB,2013,NYJ,130.7,15.0,8.7
156,Aaron Dobson,WR,2013,NE,111.3,11.0,10.1
157,Darrius Heyward-Bey,WR,2013,IND,70.5,15.0,4.7
158,LaMichael James,RB,2013,SF,7.3,9.0,0.8
159,Tyler Eifert,TE,2013,CIN,95.5,15.0,6.4
160,Phil Dawson,K,2013,SF,144.0,15.0,9.6
162,Los Angeles Rams,DST,2013,LAR,150.0,15.0,10.0
163,Green Bay Packers,DST,2013,GB,96.0,15.0,6.4
164,Pittsburgh Steelers,DST,2013,PIT,99.0,15.0,6.6
166,Roy Helu,RB,2013,WAS,101.7,15.0,6.8
167,Baltimore Ravens,DST,2013,BAL,104.0,15.0,6.9
168,Alex Smith,QB,2013,KC,254.2,15.0,17.0
170,Daniel Thomas,RB,2013,MIA,97.9,14.0,7.0
171,Philip Rivers,QB,2013,LAC,268.0,15.0,17.9
172,Heath Miller,TE,2013,PIT,117.6,13.0,9.1
173,Coby Fleener,TE,2013,IND,137.3,15.0,9.2
174,Kendall Hunter,RB,2013,SF,53.8,15.0,3.6
175,Justin Tucker,K,2013,BAL,153.0,15.0,10.2
176,Arizona Cardinals,DST,2013,ARI,166.0,15.0,11.1
177,Joseph Randle,RB,2013,DAL,42.5,12.0,3.5
178,Sebastian Janikowski,K,2013,LV,112.0,15.0,7.5
179,Marcel Reece,RB,2013,LV,109.7,15.0,7.3
180,Ryan Tannehill,QB,2013,MIA,230.4,15.0,15.4
182,Jermaine Gresham,TE,2013,CIN,109.8,14.0,7.8
183,E.J. Manuel,QB,2013,BUF,133.5,10.0,13.4
184,Dan Bailey,K,2013,DAL,141.0,15.0,9.4
185,Greg Zuerlein,K,2013,LAR,119.0,15.0,7.9
186,Kendall Wright,WR,2013,TEN,203.9,15.0,13.6
187,Dallas Cowboys,DST,2013,DAL,109.0,15.0,7.3
188,Tampa Bay Buccaneers,DST,2013,TB,129.0,15.0,8.6
189,Greg Little,WR,2013,CLE,97.6,15.0,6.5
190,Garrett Hartley,K,2013,NO,118.0,14.0,8.4
191,Johnathan Franklin,RB,2013,GB,21.7,11.0,2.0
192,David Akers,K,2013,DET,100.0,15.0,6.7
193,Jonathan Dwyer,RB,2013,PIT,31.2,14.0,2.2
194,Randy Bullock,K,2013,HOU,114.0,15.0,7.6
196,Denard Robinson,RB,2013,JAC,2.6,15.0,0.2
197,LeGarrette Blount,RB,2013,NE,90.1,15.0,6.0
198,Julius Thomas,TE,2013,DEN,207.2,13.0,15.9
199,Mohamed Sanu,WR,2013,CIN,102.9,15.0,6.9
201,Cleveland Browns,DST,2013,CLE,105.0,15.0,7.0
202,Brent Celek,TE,2013,PHI,100.1,15.0,6.7
203,Zac Stacy,RB,2013,LAR,175.6,13.0,13.5
204,Rob Housler,TE,2013,ARI,77.6,12.0,6.5
206,Andre Roberts,WR,2013,ARI,85.7,15.0,5.7
207,Ed Dickson,TE,2013,BAL,58.3,15.0,3.9
208,Mason Crosby,K,2013,GB,148.0,15.0,9.9
209,Brandon LaFell,WR,2013,CAR,143.2,15.0,9.6
210,Knile Davis,RB,2013,KC,42.1,15.0,2.8
211,Julian Edelman,WR,2013,NE,234.2,15.0,15.6
212,Kai Forbath,K,2013,WAS,79.0,12.0,6.6
214,Kenny Stills,WR,2013,NO,112.5,15.0,7.5
215,Rod Streater,WR,2013,LV,157.5,15.0,10.5
216,Robert Woods,WR,2013,BUF,116.6,13.0,9.0
217,Robert Turbin,RB,2013,SEA,37.1,15.0,2.5
218,Felix Jones,RB,2013,PIT,30.6,15.0,2.0
220,Santonio Holmes,WR,2013,NYJ,67.5,10.0,6.8
221,Markus Wheaton,WR,2013,PIT,12.4,11.0,1.1
222,Jacoby Jones,WR,2013,BAL,92.4,11.0,8.4
224,New York Giants,DST,2013,NYG,102.0,15.0,6.8
227,Riley Cooper,WR,2013,PHI,177.4,15.0,11.8
228,Atlanta Falcons,DST,2013,ATL,78.0,15.0,5.2
229,Toby Gerhart,RB,2013,MIN,60.1,14.0,4.3
230,Marcedes Lewis,TE,2013,JAC,72.9,10.0,7.3
231,Santana Moss,WR,2013,WAS,94.4,15.0,6.3
232,Mike Tolbert,RB,2013,CAR,116.6,15.0,7.8
235,Dexter McCluster,RB,2013,KC,98.4,14.0,7.0
236,Brian Quick,WR,2013,LAR,60.2,15.0,4.0
239,Stepfan Taylor,RB,2013,ARI,24.2,15.0,1.6
240,Keenan Allen,WR,2013,LAC,205.7,14.0,14.7
241,Stephen Hill,WR,2013,NYJ,62.2,12.0,5.2
243,Stephen Hauschka,K,2013,SEA,151.0,15.0,10.1
245,Zach Miller,TE,2013,SEA,96.6,13.0,7.4
245,Zach Miller,TE,2013,FA,0.0,13.0,0.0
246,Zach Ertz,TE,2013,PHI,99.6,15.0,6.6
247,Minnesota Vikings,DST,2013,MIN,63.0,15.0,4.2
248,Rashad Jennings,RB,2013,LV,170.8,14.0,12.2
250,Donnie Avery,WR,2013,KC,110.2,15.0,7.4
1,LeSean McCoy,RB,2014,PHI,187.0,15.0,12.5
2,Jamaal Charles,RB,2014,KC,242.2,14.0,17.3
4,Eddie Lacy,RB,2014,GB,259.0,15.0,17.3
5,Calvin Johnson,WR,2014,DET,206.8,12.0,17.2
6,Jimmy Graham,TE,2014,NO,218.5,15.0,14.6
7,Matt Forte,RB,2014,CHI,331.2,15.0,22.1
8,Demaryius Thomas,WR,2014,DEN,321.4,15.0,21.4
9,Dez Bryant,WR,2014,DAL,290.1,15.0,19.3
11,Peyton Manning,QB,2014,DEN,304.3,15.0,20.3
12,A.J. Green,WR,2014,CIN,191.1,12.0,15.9
13,Julio Jones,WR,2014,ATL,287.6,14.0,20.5
14,DeMarco Murray,RB,2014,DAL,330.0,15.0,22.0
15,Brandon Marshall,WR,2014,CHI,179.1,13.0,13.8
16,Marshawn Lynch,RB,2014,SEA,285.7,15.0,19.1
17,Giovani Bernard,RB,2014,CIN,168.5,12.0,14.0
18,Antonio Brown,WR,2014,PIT,355.1,15.0,23.7
19,Jordy Nelson,WR,2014,GB,313.3,15.0,20.9
20,Drew Brees,QB,2014,NO,293.8,15.0,19.6
21,Doug Martin,RB,2014,TB,70.0,10.0,7.0
22,Alshon Jeffery,WR,2014,CHI,256.2,15.0,17.1
23,Aaron Rodgers,QB,2014,GB,329.7,15.0,22.0
24,Andre Ellington,RB,2014,ARI,177.5,12.0,14.8
25,Randall Cobb,WR,2014,GB,270.8,15.0,18.1
26,Arian Foster,RB,2014,HOU,263.2,12.0,21.9
27,Julius Thomas,TE,2014,DEN,163.9,12.0,13.7
28,Keenan Allen,WR,2014,LAC,175.3,14.0,12.5
29,Le'Veon Bell,RB,2014,PIT,354.5,15.0,23.6
30,Rob Gronkowski,TE,2014,NE,266.4,15.0,17.8
31,Shane Vereen,RB,2014,NE,161.3,15.0,10.8
32,Roddy White,WR,2014,ATL,195.7,13.0,15.1
33,Zac Stacy,RB,2014,LAR,59.5,12.0,5.0
34,Reggie Bush,RB,2014,DET,99.9,10.0,10.0
35,Alfred Morris,RB,2014,WAS,179.7,15.0,12.0
36,Vincent Jackson,WR,2014,TB,178.1,15.0,11.9
37,Andre Johnson,WR,2014,HOU,161.2,14.0,11.5
38,Cordarrelle Patterson,RB,2014,MIN,93.1,15.0,6.2
39,Rashad Jennings,RB,2014,NYG,130.1,10.0,13.0
40,Pierre Garcon,WR,2014,WAS,153.9,15.0,10.3
41,Emmanuel Sanders,WR,2014,DEN,288.5,15.0,19.2
42,Larry Fitzgerald,WR,2014,ARI,146.5,13.0,11.3
44,Toby Gerhart,RB,2014,JAC,80.4,13.0,6.2
46,Joique Bell,RB,2014,DET,192.2,14.0,13.7
47,Matthew Stafford,QB,2014,DET,229.8,15.0,15.3
48,Percy Harvin,WR,2014,Multi,129.5,13.0,10.0
49,Michael Floyd,WR,2014,ARI,130.0,15.0,8.7
50,Michael Crabtree,WR,2014,SF,154.1,15.0,10.3
51,Julian Edelman,WR,2014,NE,222.6,14.0,15.9
54,Jordan Cameron,TE,2014,CLE,71.3,9.0,7.9
55,Andrew Luck,QB,2014,IND,337.0,15.0,22.5
56,Pierre Thomas,RB,2014,NO,123.0,11.0,11.2
57,Ben Tate,RB,2014,Multi,76.1,11.0,6.9
58,Torrey Smith,WR,2014,BAL,173.4,15.0,11.6
59,T.Y. Hilton,WR,2014,IND,258.5,14.0,18.5
60,Frank Gore,RB,2014,SF,141.8,15.0,9.5
61,Chris Johnson,RB,2014,NYJ,112.7,15.0,7.5
62,Tom Brady,QB,2014,NE,274.2,15.0,18.3
63,Kendall Wright,WR,2014,TEN,158.0,13.0,12.2
64,Vernon Davis,TE,2014,SF,61.0,13.0,4.7
65,DeSean Jackson,WR,2014,WAS,193.0,14.0,13.8
66,Jeremy Maclin,WR,2014,PHI,268.9,15.0,17.9
67,Bishop Sankey,RB,2014,TEN,96.4,15.0,6.4
68,Jason Witten,TE,2014,DAL,155.4,15.0,10.4
69,Marques Colston,WR,2014,NO,164.1,15.0,10.9
70,Matt Ryan,QB,2014,ATL,277.0,15.0,18.5
71,Wes Welker,WR,2014,DEN,101.2,13.0,7.8
74,Maurice Jones-Drew,RB,2014,LV,27.7,12.0,2.3
75,Golden Tate,WR,2014,DET,251.6,15.0,16.8
76,Brandin Cooks,WR,2014,NO,139.3,10.0,13.9
78,Trent Richardson,RB,2014,IND,114.8,14.0,8.2
79,Darren Sproles,RB,2014,PHI,139.8,14.0,10.0
80,Mike Wallace,WR,2014,MIA,212.8,15.0,14.2
81,Reggie Wayne,WR,2014,IND,140.8,14.0,10.1
82,Jordan Reed,TE,2014,WAS,80.5,10.0,8.1
83,Fred Jackson,RB,2014,BUF,181.4,13.0,14.0
84,Eric Decker,WR,2014,NYJ,162.1,14.0,11.6
85,Jay Cutler,QB,2014,CHI,244.8,14.0,17.5
87,Kelvin Benjamin,WR,2014,CAR,223.9,15.0,14.9
88,Tony Romo,QB,2014,DAL,248.4,14.0,17.7
89,Steven Jackson,RB,2014,ATL,141.5,15.0,9.4
90,Terrance Williams,WR,2014,DAL,137.3,15.0,9.2
91,Greg Olsen,TE,2014,CAR,216.1,15.0,14.4
93,Seattle Seahawks,DST,2014,SEA,123.0,15.0,8.2
94,Carlos Hyde,RB,2014,SF,74.1,14.0,5.3
95,Jeremy Hill,RB,2014,CIN,197.9,15.0,13.2
96,Lamar Miller,RB,2014,MIA,199.6,15.0,13.3
97,Cam Newton,QB,2014,CAR,229.2,13.0,17.6
98,Justin Hunter,WR,2014,TEN,95.8,12.0,8.0
99,Zach Ertz,TE,2014,PHI,134.6,15.0,9.0
100,Bernard Pierce,RB,2014,BAL,49.1,12.0,4.1
102,Mike Evans,WR,2014,TB,228.7,14.0,16.3
103,Philip Rivers,QB,2014,LAC,259.7,15.0,17.3
104,Devonta Freeman,RB,2014,ATL,83.7,15.0,5.6
105,Russell Wilson,QB,2014,SEA,320.2,15.0,21.4
106,Riley Cooper,WR,2014,PHI,123.0,15.0,8.2
107,Mark Ingram,RB,2014,NO,177.8,12.0,14.8
108,Rueben Randle,WR,2014,NYG,161.0,15.0,10.7
109,Colin Kaepernick,QB,2014,SF,228.0,15.0,15.2
110,Sammy Watkins,WR,2014,BUF,188.8,15.0,12.6
111,DeAndre Hopkins,WR,2014,HOU,228.5,15.0,15.2
113,Dwayne Bowe,WR,2014,KC,129.4,14.0,9.2
114,Andre Williams,RB,2014,NYG,129.9,15.0,8.7
115,Terrance West,RB,2014,CLE,94.1,13.0,7.2
116,Danny Amendola,WR,2014,NE,46.6,15.0,3.1
117,Anquan Boldin,WR,2014,SF,203.5,15.0,13.6
118,Martellus Bennett,TE,2014,CHI,207.7,15.0,13.9
120,Markus Wheaton,WR,2014,PIT,126.6,15.0,8.4
121,Darren McFadden,RB,2014,LV,116.7,15.0,7.8
122,Steve Smith,WR,2014,BAL,202.5,15.0,13.5
123,Andy Dalton,QB,2014,CIN,210.9,15.0,14.1
124,Hakeem Nicks,WR,2014,IND,94.9,15.0,6.3
125,Ahmad Bradshaw,RB,2014,IND,154.5,10.0,15.5
126,New England Patriots,DST,2014,NE,133.0,15.0,8.9
127,Jordan Matthews,WR,2014,PHI,177.7,15.0,11.9
128,Jarrett Boykin,WR,2014,GB,5.3,12.0,0.4
129,Khiry Robinson,RB,2014,NO,52.8,9.0,5.9
130,Cecil Shorts,WR,2014,JAC,103.4,12.0,8.6
131,Ben Roethlisberger,QB,2014,PIT,289.2,15.0,19.3
132,Denver Broncos,DST,2014,DEN,102.0,15.0,6.8
134,Lance Dunbar,RB,2014,DAL,49.2,15.0,3.3
135,Charles Clay,TE,2014,MIA,121.0,13.0,9.3
136,Los Angeles Rams,DST,2014,LAR,131.0,15.0,8.7
137,Heath Miller,TE,2014,PIT,153.0,15.0,10.2
138,Greg Jennings,WR,2014,MIN,161.7,15.0,10.8
139,Shonn Greene,RB,2014,TEN,42.1,12.0,3.5
140,Kenny Britt,WR,2014,LAR,134.4,15.0,9.0
141,LeGarrette Blount,RB,2014,Multi,91.9,15.0,6.1
142,Stephen Gostkowski,K,2014,NE,160.0,15.0,10.7
143,Jonathan Stewart,RB,2014,CAR,137.1,12.0,11.4
144,Ladarius Green,TE,2014,LAC,41.6,13.0,3.2
146,Kansas City Chiefs,DST,2014,KC,86.0,15.0,5.7
147,Ryan Tannehill,QB,2014,MIA,267.0,15.0,17.8
148,Houston Texans,DST,2014,HOU,160.0,15.0,10.7
149,Marqise Lee,WR,2014,JAC,83.3,12.0,6.9
150,Travis Kelce,TE,2014,KC,161.8,15.0,10.8
151,Tim Wright,TE,2014,NE,85.2,15.0,5.7
152,Chris Ivory,RB,2014,NYJ,141.7,15.0,9.5
153,Tavon Austin,WR,2014,LAR,86.2,14.0,6.2
155,Knile Davis,RB,2014,KC,112.7,15.0,7.5
156,Stephen Hauschka,K,2014,SEA,137.0,15.0,9.1
157,Arizona Cardinals,DST,2014,ARI,132.0,15.0,8.8
159,Mason Crosby,K,2014,GB,143.0,15.0,9.5
160,New Orleans Saints,DST,2014,NO,61.0,15.0,4.1
161,Tampa Bay Buccaneers,DST,2014,TB,97.0,15.0,6.5
162,Cleveland Browns,DST,2014,CLE,126.0,15.0,8.4
163,Justin Tucker,K,2014,BAL,133.0,15.0,8.9
164,Matt Bryant,K,2014,ATL,146.0,15.0,9.7
165,Adam Vinatieri,K,2014,IND,144.0,15.0,9.6
2,Adrian Peterson,RB,2015,MIN,246.9,15.0,16.5
3,Antonio Brown,WR,2015,PIT,346.5,15.0,23.1
5,Eddie Lacy,RB,2015,GB,134.5,14.0,9.6
7,Julio Jones,WR,2015,ATL,345.2,15.0,23.0
8,Dez Bryant,WR,2015,DAL,89.1,9.0,9.9
9,Rob Gronkowski,TE,2015,NE,251.8,14.0,18.0
10,Odell Beckham,WR,2015,NYG,308.9,14.0,22.1
11,C.J. Anderson,RB,2015,DEN,127.3,14.0,9.1
12,Demaryius Thomas,WR,2015,DEN,244.7,15.0,16.3
13,Matt Forte,RB,2015,CHI,194.7,12.0,16.2
14,Calvin Johnson,WR,2015,DET,231.7,15.0,15.5
15,DeMarco Murray,RB,2015,PHI,173.5,14.0,12.4
16,Jeremy Hill,RB,2015,CIN,150.8,15.0,10.1
17,A.J. Green,WR,2015,CIN,260.3,15.0,17.4
19,Randall Cobb,WR,2015,GB,192.9,15.0,12.9
20,LeSean McCoy,RB,2015,BUF,178.7,12.0,14.9
21,Aaron Rodgers,QB,2015,GB,288.5,15.0,19.2
22,Justin Forsett,RB,2015,BAL,122.4,10.0,12.2
23,T.Y. Hilton,WR,2015,IND,203.0,15.0,13.5
24,Alshon Jeffery,WR,2015,CHI,158.7,9.0,17.6
25,Brandin Cooks,WR,2015,NO,246.4,15.0,16.4
26,Mike Evans,WR,2015,TB,196.7,14.0,14.1
27,Lamar Miller,RB,2015,MIA,224.6,15.0,15.0
28,Frank Gore,RB,2015,IND,185.8,15.0,12.4
29,DeAndre Hopkins,WR,2015,HOU,315.2,15.0,21.0
30,Jimmy Graham,TE,2015,SEA,120.5,11.0,11.0
31,Jordan Matthews,WR,2015,PHI,206.3,15.0,13.8
32,Mark Ingram,RB,2015,NO,203.4,12.0,17.0
33,Emmanuel Sanders,WR,2015,DEN,211.5,14.0,15.1
34,Melvin Gordon,RB,2015,LAC,108.3,14.0,7.7
35,Latavius Murray,RB,2015,LV,195.2,15.0,13.0
36,Alfred Morris,RB,2015,WAS,86.6,15.0,5.8
38,Andre Ellington,RB,2015,ARI,72.8,9.0,8.1
39,Andre Johnson,WR,2015,IND,100.7,15.0,6.7
40,Amari Cooper,WR,2015,LV,208.7,15.0,13.9
41,Golden Tate,WR,2015,DET,202.0,15.0,13.5
42,Julian Edelman,WR,2015,NE,172.5,9.0,19.2
44,Ameer Abdullah,RB,2015,DET,110.9,15.0,7.4
47,Jeremy Maclin,WR,2015,KC,227.0,14.0,16.2
48,Jonathan Stewart,RB,2015,CAR,162.8,13.0,12.5
49,Greg Olsen,TE,2015,CAR,223.8,15.0,14.9
50,Jarvis Landry,WR,2015,MIA,255.6,15.0,17.0
51,Travis Kelce,TE,2015,KC,187.5,15.0,12.5
52,Peyton Manning,QB,2015,DEN,88.7,9.0,9.9
53,Drew Brees,QB,2015,NO,287.9,14.0,20.6
54,Sammy Watkins,WR,2015,BUF,194.2,12.0,16.2
55,T.J. Yeldon,RB,2015,JAC,155.9,12.0,13.0
56,C.J. Spiller,RB,2015,NO,81.1,13.0,6.2
57,Brandon Marshall,WR,2015,NYJ,312.6,15.0,20.8
58,Doug Martin,RB,2015,TB,214.5,15.0,14.3
59,Russell Wilson,QB,2015,SEA,315.1,15.0,21.0
60,Ben Roethlisberger,QB,2015,PIT,204.5,11.0,18.6
61,Todd Gurley,RB,2015,LAR,208.6,13.0,16.1
62,Allen Robinson,WR,2015,JAC,288.2,15.0,19.2
63,Davante Adams,WR,2015,GB,96.9,12.0,8.1
64,Martellus Bennett,TE,2015,CHI,114.9,11.0,10.5
65,DeSean Jackson,WR,2015,WAS,104.8,9.0,11.6
66,Giovani Bernard,RB,2015,CIN,175.4,15.0,11.7
67,Martavis Bryant,WR,2015,PIT,169.2,10.0,16.9
68,Chris Ivory,RB,2015,NYJ,194.6,14.0,13.9
69,Nelson Agholor,WR,2015,PHI,51.0,12.0,4.3
70,Vincent Jackson,WR,2015,TB,107.3,10.0,10.7
71,Matt Ryan,QB,2015,ATL,214.5,15.0,14.3
72,Joique Bell,RB,2015,DET,97.9,12.0,8.2
73,Charles Johnson,WR,2015,MIN,21.7,11.0,2.0
74,LeGarrette Blount,RB,2015,NE,122.6,12.0,10.2
75,Shane Vereen,RB,2015,NYG,144.0,15.0,9.6
76,Tevin Coleman,RB,2015,ATL,42.6,12.0,3.6
77,Rashad Jennings,RB,2015,NYG,139.3,15.0,9.3
78,Mike Wallace,WR,2015,MIN,95.7,15.0,6.4
79,Tom Brady,QB,2015,NE,339.4,15.0,22.6
81,Matthew Stafford,QB,2015,DET,265.8,15.0,17.7
82,John Brown,WR,2015,ARI,199.0,14.0,14.2
83,Ryan Tannehill,QB,2015,MIA,234.5,15.0,15.6
84,Isaiah Crowell,RB,2015,CLE,132.5,15.0,8.8
85,Jordan Cameron,TE,2015,MIA,83.0,15.0,5.5
86,Larry Fitzgerald,WR,2015,ARI,263.0,15.0,17.5
87,Roddy White,WR,2015,ATL,97.6,15.0,6.5
88,Eric Decker,WR,2015,NYJ,236.7,14.0,16.9
90,Jason Witten,TE,2015,DAL,146.5,15.0,9.8
91,Ryan Mathews,RB,2015,PHI,121.7,12.0,10.1
92,Eli Manning,QB,2015,NYG,269.4,15.0,18.0
93,Devonta Freeman,RB,2015,ATL,301.0,14.0,21.5
94,Tre Mason,RB,2015,LAR,41.1,12.0,3.4
96,Bishop Sankey,RB,2015,TEN,55.6,12.0,4.6
97,Anquan Boldin,WR,2015,SF,151.8,13.0,11.7
98,Darren McFadden,RB,2015,DAL,178.2,15.0,11.9
99,Kendall Wright,WR,2015,TEN,96.5,10.0,9.7
100,Alfred Blue,RB,2015,HOU,100.3,15.0,6.7
101,Duke Johnson,RB,2015,CLE,155.8,15.0,10.4
102,Seattle Seahawks,DST,2015,SEA,133.0,15.0,8.9
103,Michael Floyd,WR,2015,ARI,170.3,14.0,12.2
104,Torrey Smith,WR,2015,SF,114.2,15.0,7.6
105,Devin Funchess,WR,2015,CAR,83.3,15.0,5.6
106,Sam Bradford,QB,2015,PHI,176.2,13.0,13.6
107,Danny Woodhead,RB,2015,LAC,228.9,15.0,15.3
108,Cam Newton,QB,2015,CAR,356.4,15.0,23.8
109,Zach Ertz,TE,2015,PHI,146.1,14.0,10.4
110,Delanie Walker,TE,2015,TEN,222.4,14.0,15.9
111,Philip Rivers,QB,2015,LAC,268.6,15.0,17.9
112,Marques Colston,WR,2015,NO,121.0,13.0,9.3
113,Pierre Garcon,WR,2015,WAS,171.8,15.0,11.5
114,DeVante Parker,WR,2015,MIA,71.8,13.0,5.5
115,Julius Thomas,TE,2015,JAC,118.3,11.0,10.8
116,Terrance Williams,WR,2015,DAL,128.7,15.0,8.6
117,Buffalo Bills,DST,2015,BUF,90.0,15.0,6.0
118,Tyler Eifert,TE,2015,CIN,176.4,12.0,14.7
119,Darren Sproles,RB,2015,PHI,136.1,15.0,9.1
120,Houston Texans,DST,2015,HOU,121.0,15.0,8.1
121,Teddy Bridgewater,QB,2015,MIN,198.2,15.0,13.2
122,Los Angeles Rams,DST,2015,LAR,128.0,15.0,8.5
123,David Johnson,RB,2015,ARI,200.9,15.0,13.4
125,Eddie Royal,WR,2015,CHI,66.7,9.0,7.4
126,Markus Wheaton,WR,2015,PIT,136.2,15.0,9.1
128,Knile Davis,RB,2015,KC,17.6,13.0,1.4
129,Brandon LaFell,WR,2015,NE,86.7,10.0,8.7
130,Stephen Gostkowski,K,2015,NE,167.0,15.0,11.1
131,Kyle Rudolph,TE,2015,MIN,128.5,15.0,8.6
132,Owen Daniels,TE,2015,DEN,113.2,15.0,7.6
133,Charles Sims,RB,2015,TB,162.1,15.0,10.8
134,Steve Johnson,WR,2015,LAC,112.7,10.0,11.3
135,Joe Flacco,QB,2015,BAL,162.1,10.0,16.2
136,Antonio Gates,TE,2015,LAC,136.6,10.0,13.7
137,Dwayne Allen,TE,2015,IND,33.0,13.0,2.5
138,Colin Kaepernick,QB,2015,SF,110.3,9.0,12.3
139,Michael Crabtree,WR,2015,LV,218.8,15.0,14.6
140,Carson Palmer,QB,2015,ARI,302.0,15.0,20.1
141,Brian Quick,WR,2015,LAR,15.9,12.0,1.3
142,Kenny Stills,WR,2015,MIA,86.9,15.0,5.8
144,Matt Jones,RB,2015,WAS,114.4,13.0,8.8
145,New York Jets,DST,2015,NYJ,112.0,15.0,7.5
148,Andre Williams,RB,2015,NYG,32.8,15.0,2.2
149,Miami Dolphins,DST,2015,MIA,80.0,15.0,5.3
150,DeAngelo Williams,RB,2015,PIT,227.3,15.0,15.2
151,Adam Vinatieri,K,2015,IND,108.0,15.0,7.2
152,Jay Cutler,QB,2015,CHI,213.4,14.0,15.2
153,Arizona Cardinals,DST,2015,ARI,165.0,15.0,11.0
155,Doug Baldwin,WR,2015,SEA,259.3,15.0,17.3
157,Ronnie Hillman,RB,2015,DEN,140.7,15.0,9.4
158,Rueben Randle,WR,2015,NYG,166.8,15.0,11.1
159,Marvin Jones,WR,2015,CIN,165.1,15.0,11.0
160,Vernon Davis,TE,2015,Multi,77.5,14.0,5.5
161,Josh Hill,TE,2015,NO,38.6,15.0,2.6
162,Dorial Green-Beckham,WR,2015,TEN,102.8,15.0,6.9
163,Denver Broncos,DST,2015,DEN,162.0,15.0,10.8
164,Brandon Coleman,WR,2015,NO,74.3,15.0,5.0
165,Phillip Dorsett,WR,2015,IND,38.3,10.0,3.8
166,Cody Latimer,WR,2015,DEN,18.0,13.0,1.4
167,Derek Carr,QB,2015,LV,260.3,15.0,17.4
168,Fred Jackson,RB,2015,SEA,76.1,15.0,5.1
169,Philadelphia Eagles,DST,2015,PHI,110.0,15.0,7.3
170,Jordan Reed,TE,2015,WAS,235.7,13.0,18.1
171,Marcus Mariota,QB,2015,TEN,211.1,12.0,17.6
173,Denard Robinson,RB,2015,JAC,69.1,12.0,5.8
174,Carolina Panthers,DST,2015,CAR,155.0,15.0,10.3
175,Richard Rodgers,TE,2015,GB,141.2,15.0,9.4
176,New England Patriots,DST,2015,NE,131.0,15.0,8.7
179,Coby Fleener,TE,2015,IND,101.3,15.0,6.8
182,Baltimore Ravens,DST,2015,BAL,89.0,15.0,5.9
183,Kansas City Chiefs,DST,2015,KC,161.0,15.0,10.7
184,Tyler Lockett,WR,2015,SEA,147.1,15.0,9.8
185,Allen Hurns,WR,2015,JAC,220.4,14.0,15.7
186,Andy Dalton,QB,2015,CIN,244.2,13.0,18.8
187,Jameis Winston,QB,2015,TB,258.7,15.0,17.3
188,Tyrod Taylor,QB,2015,BUF,253.2,13.0,19.5
189,James Jones,WR,2015,GB,176.8,15.0,11.8
191,Eric Ebron,TE,2015,DET,117.2,13.0,9.0
192,James Starks,RB,2015,GB,159.1,15.0,10.6
193,Stephen Hauschka,K,2015,SEA,130.0,15.0,8.7
195,Jeff Janis,WR,2015,GB,9.9,15.0,0.7
196,Mason Crosby,K,2015,GB,116.0,15.0,7.7
199,Green Bay Packers,DST,2015,GB,111.0,15.0,7.4
203,Dan Bailey,K,2015,DAL,128.0,15.0,8.5
204,Indianapolis Colts,DST,2015,IND,109.0,15.0,7.3
205,Charles Clay,TE,2015,BUF,121.8,13.0,9.4
206,Minnesota Vikings,DST,2015,MIN,103.0,15.0,6.9
207,Kenny Britt,WR,2015,LAR,111.0,15.0,7.4
208,Justin Tucker,K,2015,BAL,133.0,15.0,8.9
209,Nick Foles,QB,2015,LAR,95.9,11.0,8.7
210,Ladarius Green,TE,2015,LAC,107.9,13.0,8.3
211,Alex Smith,QB,2015,KC,254.7,15.0,17.0
212,Heath Miller,TE,2015,PIT,116.9,14.0,8.4
213,Donte Moncrief,WR,2015,IND,172.5,15.0,11.5
215,Blake Bortles,QB,2015,JAC,312.5,15.0,20.8
217,Jerick McKinnon,RB,2015,MIN,75.6,15.0,5.0
218,James White,RB,2015,NE,113.8,13.0,8.8
219,Dan Herron,RB,2015,Multi,21.2,9.0,2.4
220,Theo Riddick,RB,2015,DET,171.7,15.0,11.5
221,Mohamed Sanu,WR,2015,CIN,88.8,15.0,5.9
223,Sebastian Janikowski,K,2015,LV,109.0,15.0,7.3
224,Chris Johnson,RB,2015,ARI,107.2,11.0,9.8
225,Matt Bryant,K,2015,ATL,74.0,10.0,7.4
226,Cordarrelle Patterson,RB,2015,MIN,4.5,15.0,0.3
227,Brandon McManus,K,2015,DEN,130.0,15.0,8.7
228,Chris Polk,RB,2015,HOU,71.9,14.0,5.1
230,Jaelen Strong,WR,2015,HOU,36.5,9.0,4.1
231,Malcom Floyd,WR,2015,LAC,102.1,14.0,7.3
232,Maxx Williams,TE,2015,BAL,53.5,13.0,4.1
233,Matt Prater,K,2015,DET,110.0,15.0,7.3
234,Greg Zuerlein,K,2015,LAR,86.0,13.0,6.6
237,Cecil Shorts,WR,2015,HOU,109.9,11.0,10.0
238,Marqise Lee,WR,2015,JAC,37.9,9.0,4.2
239,Cincinnati Bengals,DST,2015,CIN,132.0,15.0,8.8
240,Javorius Allen,RB,2015,BAL,132.7,15.0,8.9
241,Jared Cook,TE,2015,LAR,87.1,15.0,5.8
242,Blair Walsh,K,2015,MIN,145.0,15.0,9.7
243,Detroit Lions,DST,2015,DET,85.0,15.0,5.7
244,Leonard Hankerson,WR,2015,Multi,76.7,9.0,8.5
245,Cole Beasley,WR,2015,DAL,109.3,15.0,7.3
246,Danny Amendola,WR,2015,NE,144.6,13.0,11.1
248,Jeremy Langford,RB,2015,CHI,146.2,15.0,9.8
1,Antonio Brown,WR,2016,PIT,307.3,15.0,20.5
2,Julio Jones,WR,2016,ATL,237.3,13.0,18.3
3,Odell Beckham,WR,2016,NYG,287.2,15.0,19.2
4,Todd Gurley,RB,2016,LAR,186.5,15.0,12.4
5,DeAndre Hopkins,WR,2016,HOU,178.1,15.0,11.9
6,A.J. Green,WR,2016,CIN,186.4,10.0,18.6
7,David Johnson,RB,2016,ARI,400.4,15.0,26.7
8,Ezekiel Elliott,RB,2016,DAL,325.4,15.0,21.7
9,Allen Robinson,WR,2016,JAC,186.1,15.0,12.4
12,Lamar Miller,RB,2016,HOU,191.1,14.0,13.7
13,Le'Veon Bell,RB,2016,PIT,317.4,12.0,26.5
14,Dez Bryant,WR,2016,DAL,180.0,12.0,15.0
16,Brandon Marshall,WR,2016,NYJ,155.8,15.0,10.4
17,Devonta Freeman,RB,2016,ATL,255.4,15.0,17.0
18,Mike Evans,WR,2016,TB,286.6,15.0,19.1
19,Jordy Nelson,WR,2016,GB,292.1,15.0,19.5
20,Alshon Jeffery,WR,2016,CHI,144.1,11.0,13.1
21,Amari Cooper,WR,2016,LV,218.4,15.0,14.6
23,Brandin Cooks,WR,2016,NO,241.4,15.0,16.1
24,Mark Ingram,RB,2016,NO,217.0,15.0,14.5
26,LeSean McCoy,RB,2016,BUF,295.7,14.0,21.1
27,T.Y. Hilton,WR,2016,IND,258.3,15.0,17.2
28,Demaryius Thomas,WR,2016,DEN,217.6,15.0,14.5
31,Jarvis Landry,WR,2016,MIA,208.7,15.0,13.9
32,Jordan Reed,TE,2016,WAS,155.6,11.0,14.2
33,Cam Newton,QB,2016,CAR,246.2,14.0,17.6
35,Randall Cobb,WR,2016,GB,148.3,13.0,11.4
36,Julian Edelman,WR,2016,NE,198.6,15.0,13.2
37,Matt Forte,RB,2016,NYJ,183.6,14.0,13.1
38,Aaron Rodgers,QB,2016,GB,345.8,15.0,23.1
39,Latavius Murray,RB,2016,LV,204.7,13.0,15.8
40,Jeremy Maclin,WR,2016,KC,100.2,11.0,9.1
42,Carlos Hyde,RB,2016,SF,192.1,13.0,14.8
43,Greg Olsen,TE,2016,CAR,202.1,15.0,13.5
44,DeMarco Murray,RB,2016,TEN,290.9,15.0,19.4
45,Golden Tate,WR,2016,DET,202.7,15.0,13.5
46,Kelvin Benjamin,WR,2016,CAR,175.8,15.0,11.7
47,Donte Moncrief,WR,2016,IND,102.6,9.0,11.4
49,Jeremy Langford,RB,2016,CHI,65.5,11.0,6.0
50,Doug Baldwin,WR,2016,SEA,247.2,15.0,16.5
51,Russell Wilson,QB,2016,SEA,255.4,15.0,17.0
52,Andrew Luck,QB,2016,IND,289.1,14.0,20.7
54,Travis Kelce,TE,2016,KC,221.2,15.0,14.8
55,Larry Fitzgerald,WR,2016,ARI,228.5,15.0,15.2
56,Michael Floyd,WR,2016,Multi,103.2,14.0,7.4
57,Jeremy Hill,RB,2016,CIN,176.3,15.0,11.8
58,Jordan Matthews,WR,2016,PHI,171.4,14.0,12.2
59,Delanie Walker,TE,2016,TEN,179.6,14.0,12.8
60,Drew Brees,QB,2016,NO,312.3,15.0,20.8
61,Giovani Bernard,RB,2016,CIN,122.3,10.0,12.2
62,Melvin Gordon,RB,2016,LAC,250.6,13.0,19.3
63,Duke Johnson,RB,2016,CLE,143.8,15.0,9.6
64,Ryan Mathews,RB,2016,PHI,144.6,13.0,11.1
65,Marvin Jones,WR,2016,DET,159.7,14.0,11.4
66,Coby Fleener,TE,2016,NO,130.5,15.0,8.7
68,Emmanuel Sanders,WR,2016,DEN,212.6,15.0,14.2
69,Allen Hurns,WR,2016,JAC,100.7,11.0,9.2
70,Ben Roethlisberger,QB,2016,PIT,252.3,14.0,18.0
71,Jonathan Stewart,RB,2016,CAR,132.2,12.0,11.0
72,John Brown,WR,2016,ARI,99.2,14.0,7.1
73,Tom Brady,QB,2016,NE,232.8,11.0,21.2
74,Tyler Lockett,WR,2016,SEA,124.1,15.0,8.3
77,Michael Crabtree,WR,2016,LV,229.6,15.0,15.3
78,Frank Gore,RB,2016,IND,204.6,15.0,13.6
79,Carson Palmer,QB,2016,ARI,222.9,14.0,15.9
80,Zach Ertz,TE,2016,PHI,144.7,13.0,11.1
81,DeSean Jackson,WR,2016,WAS,175.1,14.0,12.5
83,Gary Barnidge,TE,2016,CLE,115.2,15.0,7.7
85,Rashad Jennings,RB,2016,NYG,125.7,12.0,10.5
86,DeVante Parker,WR,2016,MIA,144.9,14.0,10.4
87,Julius Thomas,TE,2016,JAC,82.1,9.0,9.1
88,Sterling Shepard,WR,2016,NYG,177.7,15.0,11.9
90,Blake Bortles,QB,2016,JAC,257.0,15.0,17.1
91,Derrick Henry,RB,2016,TEN,91.9,14.0,6.6
92,Eli Manning,QB,2016,NYG,216.9,15.0,14.5
93,T.J. Yeldon,RB,2016,JAC,137.7,15.0,9.2
94,Chris Ivory,RB,2016,JAC,94.5,11.0,8.6
95,Antonio Gates,TE,2016,LAC,131.3,13.0,10.1
97,Willie Snead,WR,2016,NO,180.3,14.0,12.9
98,Stefon Diggs,WR,2016,MIN,193.3,13.0,14.9
99,Theo Riddick,RB,2016,DET,161.8,10.0,16.2
100,Philip Rivers,QB,2016,LAC,243.9,15.0,16.3
101,LeGarrette Blount,RB,2016,NE,221.8,15.0,14.8
102,Bilal Powell,RB,2016,NYJ,174.3,15.0,11.6
103,Derek Carr,QB,2016,LV,268.7,15.0,17.9
104,Isaiah Crowell,RB,2016,CLE,187.3,15.0,12.5
105,Kamar Aiken,WR,2016,BAL,63.6,15.0,4.2
106,Martellus Bennett,TE,2016,NE,155.8,15.0,10.4
107,Travis Benjamin,WR,2016,LAC,132.4,14.0,9.5
108,Tavon Austin,WR,2016,LAR,144.8,14.0,10.3
109,Corey Coleman,WR,2016,CLE,83.4,9.0,9.3
111,Devin Funchess,WR,2016,CAR,86.1,15.0,5.7
112,Tevin Coleman,RB,2016,ATL,176.2,12.0,14.7
113,Jay Ajayi,RB,2016,MIA,204.4,14.0,14.6
115,Dwayne Allen,TE,2016,IND,101.2,13.0,7.8
116,Kirk Cousins,QB,2016,WAS,288.8,15.0,19.3
118,Torrey Smith,WR,2016,SF,64.7,12.0,5.4
119,Stephen Gostkowski,K,2016,NE,130.0,15.0,8.7
121,Darren Sproles,RB,2016,PHI,155.9,14.0,11.1
122,Tyrod Taylor,QB,2016,BUF,270.9,15.0,18.1
123,Jimmy Graham,TE,2016,SEA,178.9,15.0,11.9
124,Tajae Sharpe,WR,2016,TEN,105.3,15.0,7.0
125,James White,RB,2016,NE,154.7,15.0,10.3
126,Jameis Winston,QB,2016,TB,246.3,15.0,16.4
127,Matthew Stafford,QB,2016,DET,259.8,15.0,17.3
128,Michael Thomas,WR,2016,NO,224.1,14.0,16.0
130,Jason Witten,TE,2016,DAL,150.3,15.0,10.0
131,Mohamed Sanu,WR,2016,ATL,135.6,14.0,9.7
132,Eric Ebron,TE,2016,DET,132.1,12.0,11.0
133,Jared Cook,TE,2016,GB,62.1,9.0,6.9
134,Stephen Hauschka,K,2016,SEA,125.0,15.0,8.3
135,Spencer Ware,RB,2016,KC,193.8,14.0,13.8
137,Phillip Dorsett,WR,2016,IND,89.2,14.0,6.4
138,Devontae Booker,RB,2016,DEN,117.8,15.0,7.9
139,Jerick McKinnon,RB,2016,MIN,122.4,14.0,8.7
140,Christine Michael,RB,2016,Multi,134.4,14.0,9.6
141,Zach Miller,TE,2016,CHI,119.6,10.0,12.0
142,DeAndre Washington,RB,2016,LV,77.5,13.0,6.0
143,Alfred Morris,RB,2016,DAL,37.9,13.0,2.9
144,Marcus Mariota,QB,2016,TEN,259.9,15.0,17.3
145,Denver Broncos,DST,2016,DEN,137.0,15.0,9.1
146,Rishard Matthews,WR,2016,TEN,185.1,15.0,12.3
147,Andy Dalton,QB,2016,CIN,247.2,15.0,16.5
148,Tyler Boyd,WR,2016,CIN,116.7,15.0,7.8
149,Matt Ryan,QB,2016,ATL,318.1,15.0,21.2
150,Justin Tucker,K,2016,BAL,171.0,15.0,11.4
151,Steve Smith,WR,2016,BAL,177.5,13.0,13.7
152,Chris Hogan,WR,2016,NE,122.2,14.0,8.7
153,Graham Gano,K,2016,CAR,135.0,15.0,9.0
154,James Starks,RB,2016,GB,58.9,9.0,6.5
155,Chandler Catanzaro,K,2016,ARI,103.0,15.0,6.9
156,Seattle Seahawks,DST,2016,SEA,107.0,15.0,7.1
157,Arizona Cardinals,DST,2016,ARI,120.0,15.0,8.0
158,William Fuller,WR,2016,HOU,116.8,13.0,9.0
159,Ryan Tannehill,QB,2016,MIA,190.3,13.0,14.6
160,Dorial Green-Beckham,WR,2016,PHI,84.7,14.0,6.1
161,Terrance West,RB,2016,BAL,163.5,15.0,10.9
162,Mike Wallace,WR,2016,BAL,195.5,15.0,13.0
163,Carolina Panthers,DST,2016,CAR,112.0,15.0,7.5
164,Dan Bailey,K,2016,DAL,132.0,15.0,8.8
165,Pierre Garcon,WR,2016,WAS,187.5,15.0,12.5
167,Mason Crosby,K,2016,GB,122.0,15.0,8.1
168,Kenny Stills,WR,2016,MIA,154.5,15.0,10.3
169,Virgil Green,TE,2016,DEN,41.0,11.0,3.7
170,Brandon McManus,K,2016,DEN,126.6,15.0,8.4
171,Terrelle Pryor,WR,2016,CLE,197.0,15.0,13.1
172,Ryan Fitzpatrick,QB,2016,NYJ,117.0,13.0,9.0
173,Kenneth Dixon,RB,2016,BAL,87.1,11.0,7.9
174,Ted Ginn,WR,2016,CAR,145.7,15.0,9.7
175,Houston Texans,DST,2016,HOU,82.0,15.0,5.5
176,Laquon Treadwell,WR,2016,MIN,2.5,9.0,0.3
177,Dak Prescott,QB,2016,DAL,284.7,15.0,19.0
178,Kansas City Chiefs,DST,2016,KC,144.0,15.0,9.6
179,Victor Cruz,WR,2016,NYG,98.9,14.0,7.1
181,Minnesota Vikings,DST,2016,MIN,117.0,15.0,7.8
182,Sammie Coates,WR,2016,PIT,77.9,14.0,5.6
183,Chris Thompson,RB,2016,WAS,137.3,15.0,9.2
184,Charles Clay,TE,2016,BUF,131.2,14.0,9.4
185,Los Angeles Rams,DST,2016,LAR,89.0,15.0,5.9
186,Austin Seferian-Jenkins,TE,2016,Multi,34.4,9.0,3.8
188,Brock Osweiler,QB,2016,HOU,148.7,14.0,10.6
189,New England Patriots,DST,2016,NE,121.0,15.0,8.1
192,Cincinnati Bengals,DST,2016,CIN,81.0,15.0,5.4
193,Adam Vinatieri,K,2016,IND,142.0,15.0,9.5
194,New York Jets,DST,2016,NYJ,43.0,15.0,2.9
195,Blair Walsh,K,2016,MIN,57.0,9.0,6.3
196,Charcandrick West,RB,2016,KC,65.5,14.0,4.7
197,Clive Walford,TE,2016,LV,84.2,14.0,6.0
198,Las Vegas Raiders,DST,2016,LV,92.0,15.0,6.1
199,Jordan Howard,RB,2016,CHI,216.6,14.0,15.5
200,Cairo Santos,K,2016,KC,126.0,15.0,8.4
201,Green Bay Packers,DST,2016,GB,96.0,15.0,6.4
202,Buffalo Bills,DST,2016,BUF,103.0,15.0,6.9
203,Philadelphia Eagles,DST,2016,PHI,116.0,15.0,7.7
204,Jesse James,TE,2016,PIT,87.2,15.0,5.8
206,Joe Flacco,QB,2016,BAL,233.8,15.0,15.6
207,Kendall Wright,WR,2016,TEN,90.1,11.0,8.2
208,Nelson Agholor,WR,2016,PHI,88.0,14.0,6.3
209,Terrance Williams,WR,2016,DAL,113.1,15.0,7.5
210,Josh Ferguson,RB,2016,IND,35.6,15.0,2.4
211,Kyle Rudolph,TE,2016,MIN,180.3,15.0,12.0
213,Anquan Boldin,WR,2016,DET,157.7,15.0,10.5
214,Wendell Smallwood,RB,2016,PHI,46.7,13.0,3.6
215,Breshad Perriman,WR,2016,BAL,90.9,15.0,6.1
216,Sebastian Janikowski,K,2016,LV,140.0,15.0,9.3
218,Eli Rogers,WR,2016,PIT,113.9,12.0,9.5
219,Chris Boswell,K,2016,PIT,107.0,14.0,7.6
220,Trevor Siemian,QB,2016,DEN,177.9,13.0,13.7
222,Shaun Draughn,RB,2016,SF,82.0,15.0,5.5
225,Paul Perkins,RB,2016,NYG,66.6,13.0,5.1
226,Vance McDonald,TE,2016,SF,87.1,11.0,7.9
227,Robert Kelley,RB,2016,WAS,129.3,14.0,9.2
229,Davante Adams,WR,2016,GB,223.6,15.0,14.9
230,Charles Johnson,WR,2016,MIN,41.1,15.0,2.7
231,Tim Hightower,RB,2016,NO,117.9,15.0,7.9
234,Alex Smith,QB,2016,KC,200.2,14.0,14.3
235,Kenjon Barner,RB,2016,PHI,34.1,13.0,2.6
238,Quinton Patton,WR,2016,SF,77.8,14.0,5.6
239,Robert Woods,WR,2016,BUF,110.6,12.0,9.2
240,Braxton Miller,WR,2016,HOU,30.9,10.0,3.1
241,Matt Prater,K,2016,DET,140.0,15.0,9.3
242,Jamison Crowder,WR,2016,WAS,187.9,15.0,12.5
243,Dan Carpenter,K,2016,BUF,99.0,15.0,6.6
245,Will Tye,TE,2016,NYG,84.8,15.0,5.7
246,Malcolm Mitchell,WR,2016,NE,96.1,14.0,6.9
247,Jermaine Kearse,WR,2016,SEA,91.6,15.0,6.1
248,Carson Wentz,QB,2016,PHI,194.9,15.0,13.0
249,Pittsburgh Steelers,DST,2016,PIT,94.0,15.0,6.3
250,Danny Amendola,WR,2016,NE,69.3,12.0,5.8
2,Le'Veon Bell,RB,2017,PIT,341.6,15.0,22.8
3,Antonio Brown,WR,2017,PIT,310.3,14.0,22.2
4,Julio Jones,WR,2017,ATL,238.9,15.0,15.9
6,LeSean McCoy,RB,2017,BUF,258.4,15.0,17.2
7,Mike Evans,WR,2017,TB,190.6,14.0,13.6
8,A.J. Green,WR,2017,CIN,223.1,15.0,14.9
9,Devonta Freeman,RB,2017,ATL,174.4,13.0,13.4
10,Melvin Gordon,RB,2017,LAC,269.7,15.0,18.0
11,Jordy Nelson,WR,2017,GB,137.2,15.0,9.2
12,Michael Thomas,WR,2017,NO,243.1,15.0,16.2
13,Jordan Howard,RB,2017,CHI,197.3,15.0,13.2
14,DeMarco Murray,RB,2017,TEN,171.5,15.0,11.4
15,Jay Ajayi,RB,2017,Multi,135.1,14.0,9.7
16,Ezekiel Elliott,RB,2017,DAL,186.1,9.0,20.7
17,Amari Cooper,WR,2017,LV,137.9,13.0,10.6
18,Todd Gurley,RB,2017,LAR,383.3,15.0,25.6
19,Brandin Cooks,WR,2017,NE,201.5,15.0,13.4
20,Rob Gronkowski,TE,2017,NE,227.4,13.0,17.5
21,Dez Bryant,WR,2017,DAL,181.0,15.0,12.1
23,Doug Baldwin,WR,2017,SEA,198.3,15.0,13.2
24,Leonard Fournette,RB,2017,JAC,212.6,12.0,17.7
25,T.Y. Hilton,WR,2017,IND,171.2,15.0,11.4
26,Christian McCaffrey,RB,2017,CAR,218.2,15.0,14.6
27,DeAndre Hopkins,WR,2017,HOU,309.8,15.0,20.7
28,Demaryius Thomas,WR,2017,DEN,188.2,15.0,12.6
29,Lamar Miller,RB,2017,HOU,189.8,15.0,12.7
30,Tom Brady,QB,2017,NE,280.3,15.0,18.7
31,Keenan Allen,WR,2017,LAC,249.9,15.0,16.7
32,Terrelle Pryor,WR,2017,WAS,50.0,9.0,5.6
33,Isaiah Crowell,RB,2017,CLE,141.4,15.0,9.4
35,Marshawn Lynch,RB,2017,LV,150.3,14.0,10.7
36,Travis Kelce,TE,2017,KC,233.5,15.0,15.6
37,Alshon Jeffery,WR,2017,PHI,194.1,15.0,12.9
38,Kareem Hunt,RB,2017,KC,285.7,15.0,19.1
39,Michael Crabtree,WR,2017,LV,168.1,13.0,12.9
40,Carlos Hyde,RB,2017,SF,212.0,15.0,14.1
41,Davante Adams,WR,2017,GB,222.5,14.0,15.9
43,Drew Brees,QB,2017,NO,248.4,15.0,16.6
44,Joe Mixon,RB,2017,CIN,132.6,13.0,10.2
45,Golden Tate,WR,2017,DET,199.1,15.0,13.3
47,Larry Fitzgerald,WR,2017,ARI,247.9,15.0,16.5
49,Tyreek Hill,WR,2017,KC,239.2,15.0,16.0
51,Kelvin Benjamin,WR,2017,Multi,130.5,13.0,10.0
52,Martavis Bryant,WR,2017,PIT,120.0,14.0,8.6
53,Jarvis Landry,WR,2017,MIA,235.8,15.0,15.7
54,Mark Ingram,RB,2017,NO,268.6,15.0,17.9
55,Matt Ryan,QB,2017,ATL,210.0,15.0,14.0
56,Stefon Diggs,WR,2017,MIN,180.5,13.0,13.9
57,Jimmy Graham,TE,2017,SEA,163.5,15.0,10.9
58,Bilal Powell,RB,2017,NYJ,138.6,14.0,9.9
59,Sammy Watkins,WR,2017,LAR,146.3,15.0,9.8
60,Emmanuel Sanders,WR,2017,DEN,114.5,12.0,9.5
61,C.J. Anderson,RB,2017,DEN,169.0,15.0,11.3
62,DeVante Parker,WR,2017,MIA,117.6,12.0,9.8
63,Russell Wilson,QB,2017,SEA,327.4,15.0,21.8
64,Jamison Crowder,WR,2017,WAS,154.9,14.0,11.1
65,Ameer Abdullah,RB,2017,DET,114.5,13.0,8.8
69,Tevin Coleman,RB,2017,ATL,162.0,14.0,11.6
70,Kyle Rudolph,TE,2017,MIN,156.9,15.0,10.5
71,Adrian Peterson,RB,2017,Multi,78.9,10.0,7.9
72,Doug Martin,RB,2017,TB,76.3,10.0,7.6
73,Mike Gillislee,RB,2017,NE,68.8,9.0,7.6
74,Delanie Walker,TE,2017,TEN,169.6,15.0,11.3
75,Zach Ertz,TE,2017,PHI,198.0,13.0,15.2
77,Frank Gore,RB,2017,IND,159.5,15.0,10.6
78,Jameis Winston,QB,2017,TB,178.1,12.0,14.8
79,Theo Riddick,RB,2017,DET,149.8,15.0,10.0
81,Kirk Cousins,QB,2017,WAS,270.1,15.0,18.0
82,Paul Perkins,RB,2017,NYG,18.8,10.0,1.9
83,Jeremy Maclin,WR,2017,BAL,102.0,12.0,8.5
84,Willie Snead,WR,2017,NO,15.2,10.0,1.5
85,Marcus Mariota,QB,2017,TEN,197.0,14.0,14.1
86,Derek Carr,QB,2017,LV,196.5,14.0,14.0
87,Cam Newton,QB,2017,CAR,288.4,15.0,19.2
88,DeSean Jackson,WR,2017,TB,138.6,14.0,9.9
89,Martellus Bennett,TE,2017,Multi,58.6,9.0,6.5
90,Derrick Henry,RB,2017,TEN,116.3,15.0,7.8
91,Eric Decker,WR,2017,TEN,111.5,15.0,7.4
92,Randall Cobb,WR,2017,GB,142.1,14.0,10.2
93,Duke Johnson,RB,2017,CLE,196.6,15.0,13.1
94,Tyrell Williams,WR,2017,LAC,122.1,15.0,8.1
97,Adam Thielen,WR,2017,MIN,227.6,15.0,15.2
98,Eddie Lacy,RB,2017,SEA,28.6,9.0,3.2
99,LeGarrette Blount,RB,2017,PHI,101.8,15.0,6.8
101,Chris Hogan,WR,2017,NE,109.6,9.0,12.2
102,Ben Roethlisberger,QB,2017,PIT,260.6,15.0,17.4
103,Hunter Henry,TE,2017,LAC,126.9,14.0,9.1
104,James White,RB,2017,NE,134.0,14.0,9.6
106,Dak Prescott,QB,2017,DAL,247.9,15.0,16.5
107,Matthew Stafford,QB,2017,DET,246.7,15.0,16.5
108,Thomas Rawls,RB,2017,SEA,27.3,11.0,2.5
109,Marvin Jones,WR,2017,DET,207.0,15.0,13.8
110,Jonathan Stewart,RB,2017,CAR,117.2,15.0,7.8
111,Rishard Matthews,WR,2017,TEN,154.5,13.0,11.9
112,Philip Rivers,QB,2017,LAC,242.5,15.0,16.2
113,Jordan Matthews,WR,2017,BUF,57.2,10.0,5.7
114,Matt Forte,RB,2017,NYJ,120.4,12.0,10.0
115,Eric Ebron,TE,2017,DET,130.5,15.0,8.7
117,John Brown,WR,2017,ARI,69.9,9.0,7.8
118,Donte Moncrief,WR,2017,IND,77.1,12.0,6.4
119,Jack Doyle,TE,2017,IND,155.2,14.0,11.1
120,Stephen Gostkowski,K,2017,NE,166.0,15.0,11.1
121,Justin Tucker,K,2017,BAL,152.0,15.0,10.1
123,Jacquizz Rodgers,RB,2017,TB,42.8,15.0,2.9
124,Ted Ginn,WR,2017,NO,153.1,14.0,10.9
125,Eli Manning,QB,2017,NYG,180.4,14.0,12.9
126,Jason Witten,TE,2017,DAL,143.3,15.0,9.6
127,Andy Dalton,QB,2017,CIN,190.0,15.0,12.7
129,Jamaal Charles,RB,2017,DEN,67.5,14.0,4.8
130,Kenny Britt,WR,2017,Multi,57.6,11.0,5.2
131,Mike Wallace,WR,2017,BAL,136.2,14.0,9.7
132,Cooper Kupp,WR,2017,LAR,176.9,15.0,11.8
133,Austin Hooper,TE,2017,ATL,113.1,15.0,7.5
134,Rex Burkhead,RB,2017,NE,129.8,10.0,13.0
135,Denver Broncos,DST,2017,DEN,94.0,15.0,6.3
138,Corey Davis,WR,2017,TEN,69.5,10.0,7.0
139,Zay Jones,WR,2017,BUF,66.1,14.0,4.7
140,Samaje Perine,RB,2017,WAS,108.2,15.0,7.2
141,Jamaal Williams,RB,2017,GB,128.5,15.0,8.6
142,Alvin Kamara,RB,2017,NO,289.6,15.0,19.3
143,Matt Bryant,K,2017,ATL,143.0,15.0,9.5
144,O.J. Howard,TE,2017,TB,101.2,14.0,7.2
145,Dan Bailey,K,2017,DAL,81.0,11.0,7.4
146,Giovani Bernard,RB,2017,CIN,138.7,15.0,9.3
147,Carson Wentz,QB,2017,PHI,281.7,13.0,21.7
148,Sterling Shepard,WR,2017,NYG,144.5,11.0,13.1
149,Coby Fleener,TE,2017,NO,63.5,11.0,5.8
150,Seattle Seahawks,DST,2017,SEA,128.0,15.0,8.5
151,Cole Beasley,WR,2017,DAL,91.4,15.0,6.1
152,Latavius Murray,RB,2017,MIN,133.1,15.0,8.9
153,Tyler Lockett,WR,2017,SEA,112.8,15.0,7.5
154,New York Giants,DST,2017,NYG,75.0,15.0,5.0
155,Evan Engram,TE,2017,NYG,173.6,15.0,11.6
156,Tyrod Taylor,QB,2017,BUF,206.9,14.0,14.8
157,Kansas City Chiefs,DST,2017,KC,100.0,15.0,6.7
158,Houston Texans,DST,2017,HOU,81.0,15.0,5.4
159,Julius Thomas,TE,2017,MIA,97.8,14.0,7.0
160,Mason Crosby,K,2017,GB,80.0,15.0,5.3
161,Josh Doctson,WR,2017,WAS,112.1,15.0,7.5
162,Cameron Brate,TE,2017,TB,136.4,15.0,9.1
164,Taylor Gabriel,WR,2017,ATL,81.7,15.0,5.5
165,Minnesota Vikings,DST,2017,MIN,110.0,15.0,7.3
166,Arizona Cardinals,DST,2017,ARI,108.0,15.0,7.2
167,New England Patriots,DST,2017,NE,103.0,15.0,6.9
168,Antonio Gates,TE,2017,LAC,71.0,15.0,4.7
169,Shane Vereen,RB,2017,NYG,82.3,15.0,5.5
170,Robbie Anderson,WR,2017,NYJ,198.7,15.0,13.3
171,Carolina Panthers,DST,2017,CAR,124.0,15.0,8.3
172,Mohamed Sanu,WR,2017,ATL,160.2,14.0,11.4
173,Adam Vinatieri,K,2017,IND,115.0,14.0,8.2
174,Kenny Stills,WR,2017,MIA,168.3,15.0,11.2
175,Joe Flacco,QB,2017,BAL,170.8,15.0,11.4
176,Kendall Wright,WR,2017,CHI,118.5,15.0,7.9
177,Danny Amendola,WR,2017,NE,130.6,14.0,9.3
178,Marqise Lee,WR,2017,JAC,147.9,14.0,10.6
179,Chris Thompson,RB,2017,WAS,151.4,10.0,15.1
180,Kenny Golladay,WR,2017,DET,78.6,10.0,7.9
182,Matt Prater,K,2017,DET,142.0,15.0,9.5
183,Pittsburgh Steelers,DST,2017,PIT,121.0,15.0,8.1
184,Wil Lutz,K,2017,NO,154.0,15.0,10.3
185,Jared Cook,TE,2017,LV,126.3,15.0,8.4
186,Charles Sims,RB,2017,TB,72.8,15.0,4.9
187,Jacksonville Jaguars,DST,2017,JAC,186.0,15.0,12.4
188,Marlon Mack,RB,2017,IND,91.5,13.0,7.0
189,Torrey Smith,WR,2017,PHI,90.7,15.0,6.1
190,D'Onta Foreman,RB,2017,HOU,57.0,10.0,5.7
192,Los Angeles Rams,DST,2017,LAR,156.0,15.0,10.4
193,Breshad Perriman,WR,2017,BAL,17.7,11.0,1.6
194,Jay Cutler,QB,2017,MIA,157.5,13.0,12.1
195,Baltimore Ravens,DST,2017,BAL,171.0,15.0,11.4
196,Dion Lewis,RB,2017,NE,165.7,15.0,11.1
197,Philadelphia Eagles,DST,2017,PHI,156.0,15.0,10.4
198,DeAndre Washington,RB,2017,LV,82.7,14.0,5.9
199,J.J. Nelson,WR,2017,ARI,90.7,15.0,6.1
200,James Conner,RB,2017,PIT,14.4,14.0,1.0
201,Atlanta Falcons,DST,2017,ATL,87.0,15.0,5.8
202,Charcandrick West,RB,2017,KC,73.2,13.0,5.6
208,David Njoku,TE,2017,CLE,88.9,15.0,5.9
209,Brandon LaFell,WR,2017,CIN,119.3,15.0,8.0
210,Allen Hurns,WR,2017,JAC,92.6,9.0,10.3
211,Devin Funchess,WR,2017,CAR,182.2,15.0,12.2
215,Jalen Richard,RB,2017,LV,84.5,15.0,5.6
218,Robert Woods,WR,2017,LAR,163.3,12.0,13.6
220,Cincinnati Bengals,DST,2017,CIN,88.0,15.0,5.9
221,T.J. Yeldon,RB,2017,JAC,86.4,9.0,9.6
223,Los Angeles Chargers,DST,2017,LAC,141.0,15.0,9.4
224,Blair Walsh,K,2017,SEA,101.0,15.0,6.7
226,ArDarius Stewart,WR,2017,NYJ,11.3,14.0,0.8
227,Chris Boswell,K,2017,PIT,155.0,15.0,10.3
228,Mike Williams,WR,2017,LAC,18.7,9.0,2.1
229,Devontae Booker,RB,2017,DEN,85.8,12.0,7.2
230,Tavon Austin,WR,2017,LAR,35.9,15.0,2.4
231,Graham Gano,K,2017,CAR,126.0,15.0,8.4
232,Jesse James,TE,2017,PIT,95.3,15.0,6.4
233,Tarik Cohen,RB,2017,CHI,135.4,15.0,9.0
234,William Fuller,WR,2017,HOU,109.5,9.0,12.2
235,Matt Breida,RB,2017,SF,92.1,15.0,6.1
236,Jaron Brown,WR,2017,ARI,93.2,15.0,6.2
238,Curtis Samuel,WR,2017,CAR,32.9,9.0,3.7
239,Charles Clay,TE,2017,BUF,104.4,12.0,8.7
240,Austin Seferian-Jenkins,TE,2017,NYJ,101.7,13.0,7.8
241,Paul Richardson,WR,2017,SEA,150.3,15.0,10.0
243,Stephen Hauschka,K,2017,BUF,126.0,15.0,8.4
244,Kenyan Drake,RB,2017,MIA,130.3,15.0,8.7
245,Alex Smith,QB,2017,KC,295.1,15.0,19.7
246,Kyle Juszczyk,RB,2017,SF,63.7,13.0,4.9
249,Dwayne Allen,TE,2017,NE,24.6,15.0,1.6
250,Brandon McManus,K,2017,DEN,103.0,15.0,6.9
1,Todd Gurley,RB,2018,LAR,372.1,14.0,26.6
3,David Johnson,RB,2018,ARI,234.8,15.0,15.7
4,Ezekiel Elliott,RB,2018,DAL,329.1,15.0,21.9
5,Antonio Brown,WR,2018,PIT,323.7,15.0,21.6
6,Alvin Kamara,RB,2018,NO,354.2,15.0,23.6
7,Saquon Barkley,RB,2018,NYG,361.6,15.0,24.1
8,DeAndre Hopkins,WR,2018,HOU,306.8,15.0,20.5
10,Kareem Hunt,RB,2018,KC,230.2,11.0,20.9
11,Odell Beckham,WR,2018,NYG,230.4,12.0,19.2
12,Melvin Gordon,RB,2018,LAC,265.9,11.0,24.2
13,Julio Jones,WR,2018,ATL,297.1,15.0,19.8
14,Dalvin Cook,RB,2018,MIN,142.0,10.0,14.2
15,Christian McCaffrey,RB,2018,CAR,380.5,15.0,25.4
16,Michael Thomas,WR,2018,NO,307.6,15.0,20.5
17,Keenan Allen,WR,2018,LAC,249.7,15.0,16.7
18,Davante Adams,WR,2018,GB,329.6,15.0,22.0
20,A.J. Green,WR,2018,CIN,149.4,9.0,16.6
21,Rob Gronkowski,TE,2018,NE,126.8,12.0,10.6
22,Mike Evans,WR,2018,TB,255.8,15.0,17.1
23,Jordan Howard,RB,2018,CHI,155.6,15.0,10.4
24,Joe Mixon,RB,2018,CIN,231.7,13.0,17.8
25,Travis Kelce,TE,2018,KC,283.4,15.0,18.9
26,LeSean McCoy,RB,2018,BUF,114.8,13.0,8.8
27,Tyreek Hill,WR,2018,KC,299.4,15.0,20.0
28,Aaron Rodgers,QB,2018,GB,311.5,15.0,20.8
29,T.Y. Hilton,WR,2018,IND,230.9,13.0,17.8
30,Stefon Diggs,WR,2018,MIN,247.6,14.0,17.7
31,Adam Thielen,WR,2018,MIN,300.6,15.0,20.0
32,Larry Fitzgerald,WR,2018,ARI,172.1,15.0,11.5
33,Kenyan Drake,RB,2018,MIA,191.7,15.0,12.8
34,Amari Cooper,WR,2018,Multi,209.4,14.0,15.0
35,Zach Ertz,TE,2018,PHI,275.8,15.0,18.4
36,Doug Baldwin,WR,2018,SEA,137.1,12.0,11.4
37,Alex Collins,RB,2018,BAL,108.6,10.0,10.9
38,Jarvis Landry,WR,2018,CLE,195.9,15.0,13.1
39,Royce Freeman,RB,2018,DEN,83.0,13.0,6.4
40,Derrick Henry,RB,2018,TEN,189.0,15.0,12.6
41,Demaryius Thomas,WR,2018,Multi,156.7,15.0,10.5
43,JuJu Smith-Schuster,WR,2018,PIT,282.2,15.0,18.8
44,Brandin Cooks,WR,2018,LAR,220.0,15.0,14.7
45,Golden Tate,WR,2018,Multi,175.6,14.0,12.5
46,Lamar Miller,RB,2018,HOU,159.0,13.0,12.2
47,Tom Brady,QB,2018,NE,255.4,15.0,17.0
48,Deshaun Watson,QB,2018,HOU,309.9,15.0,20.7
49,Allen Robinson,WR,2018,CHI,153.3,13.0,11.8
50,Josh Gordon,WR,2018,Multi,138.7,12.0,11.6
51,Mark Ingram,RB,2018,NO,136.2,11.0,12.4
52,Russell Wilson,QB,2018,SEA,291.5,15.0,19.4
53,Jimmy Graham,TE,2018,GB,125.5,15.0,8.4
54,Marvin Jones,WR,2018,DET,115.8,9.0,12.9
55,Chris Hogan,WR,2018,NE,93.8,15.0,6.3
56,Greg Olsen,TE,2018,CAR,80.1,9.0,8.9
57,Dion Lewis,RB,2018,TEN,155.4,15.0,10.4
59,Cam Newton,QB,2018,CAR,282.6,14.0,20.2
60,Corey Davis,WR,2018,TEN,173.8,15.0,11.6
61,Carlos Hyde,RB,2018,Multi,94.5,13.0,7.3
62,Michael Crabtree,WR,2018,BAL,128.7,15.0,8.6
63,Evan Engram,TE,2018,NYG,105.2,10.0,10.5
64,Marquise Goodwin,WR,2018,SF,87.4,11.0,8.0
65,Emmanuel Sanders,WR,2018,DEN,198.2,12.0,16.5
67,Drew Brees,QB,2018,NO,304.8,15.0,20.3
68,Tevin Coleman,RB,2018,ATL,181.2,15.0,12.1
69,Julian Edelman,WR,2018,NE,187.1,11.0,17.0
71,Alshon Jeffery,WR,2018,PHI,168.4,12.0,14.0
72,Kyle Rudolph,TE,2018,MIN,145.5,15.0,9.7
73,Kerryon Johnson,RB,2018,DET,139.4,10.0,13.9
74,Jamaal Williams,RB,2018,GB,109.3,15.0,7.3
76,Sammy Watkins,WR,2018,KC,115.1,10.0,11.5
77,Carson Wentz,QB,2018,PHI,193.4,11.0,17.6
78,Robert Woods,WR,2018,LAR,261.1,15.0,17.4
79,Sony Michel,RB,2018,NE,134.1,12.0,11.2
80,Devin Funchess,WR,2018,CAR,122.9,14.0,8.8
81,Rashaad Penny,RB,2018,SEA,69.8,13.0,5.4
82,Jordan Reed,TE,2018,WAS,119.8,13.0,9.2
84,Trey Burton,TE,2018,CHI,138.8,15.0,9.3
85,Tarik Cohen,RB,2018,CHI,222.7,15.0,14.9
86,Duke Johnson,RB,2018,CLE,128.6,15.0,8.6
87,Kirk Cousins,QB,2018,MIN,273.1,15.0,18.2
89,Robbie Anderson,WR,2018,NYJ,151.0,13.0,11.6
90,Chris Carson,RB,2018,SEA,181.5,13.0,14.0
91,Andrew Luck,QB,2018,IND,305.0,15.0,20.3
93,Jordy Nelson,WR,2018,LV,139.9,14.0,10.0
94,Isaiah Crowell,RB,2018,NYJ,140.7,13.0,10.8
95,Matthew Stafford,QB,2018,DET,193.7,15.0,12.9
97,Ben Roethlisberger,QB,2018,PIT,328.2,15.0,21.9
98,Nelson Agholor,WR,2018,PHI,144.4,15.0,9.6
99,Marlon Mack,RB,2018,IND,159.3,11.0,14.5
101,Sterling Shepard,WR,2018,NYG,170.9,15.0,11.4
102,Peyton Barber,RB,2018,TB,142.5,15.0,9.5
103,Matt Ryan,QB,2018,ATL,325.7,15.0,21.7
105,Chris Thompson,RB,2018,WAS,84.2,9.0,9.4
106,Philip Rivers,QB,2018,LAC,277.9,15.0,18.5
108,David Njoku,TE,2018,CLE,134.7,15.0,9.0
109,Kelvin Benjamin,WR,2018,Multi,67.1,14.0,4.8
110,Kenny Stills,WR,2018,MIA,124.6,14.0,8.9
111,James White,RB,2018,NE,259.7,15.0,17.3
112,Aaron Jones,RB,2018,GB,171.4,12.0,14.3
113,Patrick Mahomes,QB,2018,KC,399.7,15.0,26.7
114,Jared Goff,QB,2018,LAR,286.3,15.0,19.1
115,DeVante Parker,WR,2018,MIA,60.9,10.0,6.1
116,Allen Hurns,WR,2018,DAL,55.6,15.0,3.7
117,Adrian Peterson,RB,2018,WAS,189.0,15.0,12.6
118,Nick Chubb,RB,2018,CLE,190.5,15.0,12.7
119,C.J. Anderson,RB,2018,Multi,43.0,10.0,4.3
120,Greg Zuerlein,K,2018,LAR,114.0,10.0,11.4
121,Alex Smith,QB,2018,WAS,137.9,10.0,13.8
122,Matt Breida,RB,2018,SF,162.5,14.0,11.6
123,Calvin Ridley,WR,2018,ATL,192.6,15.0,12.8
124,Stephen Gostkowski,K,2018,NE,130.0,15.0,8.7
125,Keelan Cole,WR,2018,JAC,80.6,15.0,5.4
126,George Kittle,TE,2018,SF,228.8,15.0,15.3
127,Ty Montgomery,RB,2018,Multi,68.1,12.0,5.7
128,Marcus Mariota,QB,2018,TEN,176.0,14.0,12.6
130,Jacksonville Jaguars,DST,2018,JAC,100.0,15.0,6.7
131,Derek Carr,QB,2018,LV,215.4,15.0,14.4
132,DJ Moore,WR,2018,CAR,144.9,15.0,9.7
133,Giovani Bernard,RB,2018,CIN,92.4,11.0,8.4
134,Dak Prescott,QB,2018,DAL,252.3,15.0,16.8
135,Justin Tucker,K,2018,BAL,145.0,15.0,9.7
137,Latavius Murray,RB,2018,MIN,130.1,15.0,8.7
138,Michael Gallup,WR,2018,DAL,87.7,15.0,5.9
139,Kenny Golladay,WR,2018,DET,207.1,15.0,13.8
140,Corey Clement,RB,2018,PHI,81.1,11.0,7.4
141,Alfred Morris,RB,2018,SF,49.6,11.0,4.5
142,Josh Doctson,WR,2018,WAS,103.9,14.0,7.4
143,Tyler Lockett,WR,2018,SEA,207.5,15.0,13.8
144,Los Angeles Rams,DST,2018,LAR,133.0,15.0,8.9
146,Theo Riddick,RB,2018,DET,114.1,13.0,8.8
147,Minnesota Vikings,DST,2018,MIN,125.0,15.0,8.3
148,Philadelphia Eagles,DST,2018,PHI,81.0,15.0,5.4
149,LeGarrette Blount,RB,2018,DET,85.0,15.0,5.7
150,Jordan Wilkins,RB,2018,IND,56.8,15.0,3.8
151,Anthony Miller,WR,2018,CHI,119.5,14.0,8.5
152,Chris Godwin,WR,2018,TB,155.8,15.0,10.4
153,James Conner,RB,2018,PIT,267.3,12.0,22.3
154,Mike Williams,WR,2018,LAC,163.8,15.0,10.9
155,John Brown,WR,2018,BAL,142.2,15.0,9.5
156,Baltimore Ravens,DST,2018,BAL,120.0,15.0,8.0
157,Los Angeles Chargers,DST,2018,LAC,88.0,15.0,5.9
158,Mitch Trubisky,QB,2018,CHI,252.8,13.0,19.5
159,Wil Lutz,K,2018,NO,149.0,15.0,9.9
160,Matt Bryant,K,2018,ATL,97.0,12.0,8.1
161,Chris Boswell,K,2018,PIT,93.1,15.0,6.2
162,Harrison Butker,K,2018,KC,142.0,15.0,9.5
163,Houston Texans,DST,2018,HOU,133.0,15.0,8.9
164,John Ross,WR,2018,CIN,83.8,12.0,7.0
165,Devontae Booker,RB,2018,DEN,79.4,15.0,5.3
166,Jake Elliott,K,2018,PHI,116.0,15.0,7.7
167,O.J. Howard,TE,2018,TB,120.5,10.0,12.1
168,Danny Amendola,WR,2018,MIA,120.8,14.0,8.6
169,Denver Broncos,DST,2018,DEN,116.0,15.0,7.7
170,Courtland Sutton,WR,2018,DEN,132.8,15.0,8.9
171,Robbie Gould,K,2018,SF,133.0,15.0,8.9
172,Mohamed Sanu,WR,2018,ATL,162.0,15.0,10.8
176,New Orleans Saints,DST,2018,NO,110.0,15.0,7.3
177,Jameis Winston,QB,2018,TB,165.7,10.0,16.6
178,Matt Prater,K,2018,DET,117.0,15.0,7.8
179,DeSean Jackson,WR,2018,TB,151.3,12.0,12.6
180,Dede Westbrook,WR,2018,JAC,171.5,15.0,11.4
181,Chicago Bears,DST,2018,CHI,182.0,15.0,12.1
182,Jared Cook,TE,2018,LV,187.8,15.0,12.5
184,New England Patriots,DST,2018,NE,108.0,15.0,7.2
185,Pittsburgh Steelers,DST,2018,PIT,105.0,15.0,7.0
186,Mason Crosby,K,2018,GB,145.0,15.0,9.7
187,Eric Ebron,TE,2018,IND,206.2,15.0,13.8
188,Cameron Brate,TE,2018,TB,87.0,15.0,5.8
189,Eli Manning,QB,2018,NYG,221.8,15.0,14.8
190,Austin Ekeler,RB,2018,LAC,157.0,13.0,12.1
191,Carolina Panthers,DST,2018,CAR,85.0,15.0,5.7
192,Charles Clay,TE,2018,BUF,37.4,12.0,3.1
193,Benjamin Watson,TE,2018,NO,82.1,15.0,5.5
196,Ricky Seals-Jones,TE,2018,ARI,74.3,15.0,5.0
197,Arizona Cardinals,DST,2018,ARI,86.0,15.0,5.7
200,Antonio Gates,TE,2018,LAC,75.3,15.0,5.0
201,Adam Vinatieri,K,2018,IND,115.0,15.0,7.7
202,Doug Martin,RB,2018,LV,110.8,15.0,7.4
203,Nyheim Hines,RB,2018,IND,155.0,15.0,10.3
204,Mike Gesicki,TE,2018,MIA,37.4,15.0,2.5
205,Javorius Allen,RB,2018,BAL,93.6,14.0,6.7
206,Tyrell Williams,WR,2018,LAC,133.5,15.0,8.9
207,Daniel Carlson,K,2018,Multi,85.0,11.0,7.7
208,Blake Bortles,QB,2018,JAC,169.4,12.0,14.1
209,Andy Dalton,QB,2018,CIN,174.5,11.0,15.9
211,Case Keenum,QB,2018,DEN,202.5,15.0,13.5
213,Christian Kirk,WR,2018,ARI,123.5,12.0,10.3
215,Vance McDonald,TE,2018,PIT,126.1,14.0,9.0
216,T.J. Yeldon,RB,2018,JAC,173.1,14.0,12.4
217,Austin Hooper,TE,2018,ATL,151.3,15.0,10.1
219,Hayden Hurst,TE,2018,BAL,29.0,11.0,2.6
220,Graham Gano,K,2018,CAR,82.0,12.0,6.8
221,Frank Gore,RB,2018,MIA,102.6,14.0,7.3
222,Spencer Ware,RB,2018,KC,79.0,13.0,6.1
224,Chris Ivory,RB,2018,BUF,67.9,12.0,5.7
225,Atlanta Falcons,DST,2018,ATL,78.0,15.0,5.2
226,Ryan Tannehill,QB,2018,MIA,134.9,10.0,13.5
227,Donte Moncrief,WR,2018,JAC,126.7,15.0,8.5
228,Tennessee Titans,DST,2018,TEN,103.0,15.0,6.9
229,James Washington,WR,2018,PIT,34.3,13.0,2.6
230,Kalen Ballage,RB,2018,MIA,33.9,11.0,3.1
231,Joe Flacco,QB,2018,BAL,137.0,9.0,15.2
234,Baker Mayfield,QB,2018,CLE,219.0,13.0,16.9
235,Ryan Succop,K,2018,TEN,112.0,15.0,7.5
236,Taywan Taylor,WR,2018,TEN,84.8,12.0,7.1
237,Quincy Enunwa,WR,2018,NYJ,86.9,11.0,7.9
239,Chase Edmonds,RB,2018,ARI,59.3,15.0,4.0
240,Tre'Quan Smith,WR,2018,NO,88.7,14.0,6.3
242,Cole Beasley,WR,2018,DAL,128.8,15.0,8.6
243,Phillip Dorsett,WR,2018,NE,65.9,15.0,4.4
244,Kansas City Chiefs,DST,2018,KC,101.0,15.0,6.7
246,Seattle Seahawks,DST,2018,SEA,112.0,15.0,7.5
249,Lamar Jackson,QB,2018,BAL,131.4,15.0,8.8
250,Dallas Goedert,TE,2018,PHI,84.7,15.0,5.7
1,Saquon Barkley,RB,2019,NYG,223.4,12.0,18.6
2,Christian McCaffrey,RB,2019,CAR,448.4,15.0,29.9
3,Alvin Kamara,RB,2019,NO,228.8,13.0,17.6
4,Ezekiel Elliott,RB,2019,DAL,284.3,15.0,19.0
5,DeAndre Hopkins,WR,2019,HOU,269.5,15.0,18.0
6,David Johnson,RB,2019,ARI,141.5,13.0,10.9
7,Le'Veon Bell,RB,2019,NYJ,202.3,14.0,14.5
8,Davante Adams,WR,2019,GB,190.4,11.0,17.3
9,James Conner,RB,2019,PIT,145.5,10.0,14.6
10,Julio Jones,WR,2019,ATL,259.3,14.0,18.5
11,Michael Thomas,WR,2019,NO,366.9,15.0,24.5
12,Odell Beckham,WR,2019,CLE,184.2,15.0,12.3
13,Todd Gurley,RB,2019,LAR,208.5,14.0,14.9
14,JuJu Smith-Schuster,WR,2019,PIT,110.6,11.0,10.1
15,Travis Kelce,TE,2019,KC,248.9,15.0,16.6
16,Tyreek Hill,WR,2019,KC,178.2,11.0,16.2
17,Nick Chubb,RB,2019,CLE,250.0,15.0,16.7
18,Dalvin Cook,RB,2019,MIN,292.4,14.0,20.9
19,Joe Mixon,RB,2019,CIN,194.8,15.0,13.0
20,Patrick Mahomes,QB,2019,KC,279.8,13.0,21.5
22,Mike Evans,WR,2019,TB,232.7,13.0,17.9
23,Adam Thielen,WR,2019,MIN,114.4,10.0,11.4
24,Keenan Allen,WR,2019,LAC,238.3,15.0,15.9
25,Leonard Fournette,RB,2019,JAC,259.4,15.0,17.3
26,George Kittle,TE,2019,SF,206.2,13.0,15.9
27,Zach Ertz,TE,2019,PHI,215.6,15.0,14.4
29,Devonta Freeman,RB,2019,ATL,188.3,13.0,14.5
30,Amari Cooper,WR,2019,DAL,232.7,15.0,15.5
31,Stefon Diggs,WR,2019,MIN,212.1,15.0,14.1
32,Aaron Jones,RB,2019,GB,298.5,15.0,19.9
33,Josh Jacobs,RB,2019,LV,191.6,13.0,14.7
34,Damien Williams,RB,2019,KC,109.7,10.0,11.0
35,Julian Edelman,WR,2019,NE,250.7,15.0,16.7
36,Chris Carson,RB,2019,SEA,232.6,15.0,15.5
37,Derrick Henry,RB,2019,TEN,255.5,14.0,18.3
38,Brandin Cooks,WR,2019,LAR,110.5,13.0,8.5
39,T.Y. Hilton,WR,2019,IND,114.9,9.0,12.8
40,Robert Woods,WR,2019,LAR,212.3,14.0,15.2
41,Marlon Mack,RB,2019,IND,161.6,13.0,12.4
42,Melvin Gordon,RB,2019,LAC,156.6,11.0,14.2
43,Deshaun Watson,QB,2019,HOU,333.0,15.0,22.2
44,Kenny Golladay,WR,2019,DET,237.8,15.0,15.9
45,Mark Ingram,RB,2019,BAL,242.5,15.0,16.2
46,David Montgomery,RB,2019,CHI,153.1,15.0,10.2
47,Chris Godwin,WR,2019,TB,276.1,14.0,19.7
48,Tyler Lockett,WR,2019,SEA,218.1,15.0,14.5
49,Sony Michel,RB,2019,NE,139.2,15.0,9.3
50,Cooper Kupp,WR,2019,LAR,247.6,15.0,16.5
51,Aaron Rodgers,QB,2019,GB,262.0,15.0,17.5
52,James White,RB,2019,NE,189.5,14.0,13.5
53,Phillip Lindsay,RB,2019,DEN,192.4,15.0,12.8
54,Tyler Boyd,WR,2019,CIN,212.0,15.0,14.1
56,O.J. Howard,TE,2019,TB,83.9,13.0,6.5
57,Calvin Ridley,WR,2019,ATL,197.0,13.0,15.2
58,Baker Mayfield,QB,2019,CLE,227.2,15.0,15.2
59,Mike Williams,WR,2019,LAC,155.5,14.0,11.1
61,Hunter Henry,TE,2019,LAC,135.0,11.0,12.3
62,DJ Moore,WR,2019,CAR,230.5,15.0,15.4
63,Jarvis Landry,WR,2019,CLE,221.2,15.0,14.8
64,Matt Ryan,QB,2019,ATL,266.9,14.0,19.1
65,Alshon Jeffery,WR,2019,PHI,122.2,10.0,12.2
66,Tarik Cohen,RB,2019,CHI,148.5,15.0,9.9
67,Tevin Coleman,RB,2019,SF,132.6,13.0,10.2
68,Austin Ekeler,RB,2019,LAC,291.1,15.0,19.4
69,Jared Cook,TE,2019,NO,155.1,13.0,11.9
70,Allen Robinson,WR,2019,CHI,238.6,15.0,15.9
71,Miles Sanders,RB,2019,PHI,210.6,15.0,14.0
72,Josh Gordon,WR,2019,Multi,74.7,11.0,6.8
73,Kenyan Drake,RB,2019,Multi,196.9,13.0,15.2
74,Duke Johnson,RB,2019,HOU,137.3,15.0,9.2
75,Robbie Anderson,WR,2019,NYJ,157.5,15.0,10.5
76,Drew Brees,QB,2019,NO,206.8,10.0,20.7
78,Carson Wentz,QB,2019,PHI,265.8,15.0,17.7
79,Chicago Bears,DST,2019,CHI,93.0,15.0,6.2
80,Vance McDonald,TE,2019,PIT,79.6,13.0,6.1
81,Sammy Watkins,WR,2019,KC,136.7,13.0,10.5
82,Russell Wilson,QB,2019,SEA,313.3,15.0,20.9
83,Dede Westbrook,WR,2019,JAC,134.5,14.0,9.6
85,William Fuller,WR,2019,HOU,134.0,11.0,12.2
86,Sterling Shepard,WR,2019,NYG,132.9,9.0,14.8
87,Jared Goff,QB,2019,LAR,238.3,15.0,15.9
88,Christian Kirk,WR,2019,ARI,154.6,12.0,12.9
90,Latavius Murray,RB,2019,NO,148.7,15.0,9.9
91,Corey Davis,WR,2019,TEN,106.7,14.0,7.6
92,Marvin Jones,WR,2019,DET,193.9,13.0,14.9
93,Emmanuel Sanders,WR,2019,Multi,184.8,16.0,11.6
94,Curtis Samuel,WR,2019,CAR,168.4,15.0,11.2
95,Jordan Howard,RB,2019,PHI,111.4,9.0,12.4
96,LeSean McCoy,RB,2019,KC,118.6,13.0,9.1
97,Larry Fitzgerald,WR,2019,ARI,168.9,15.0,11.3
98,Eric Ebron,TE,2019,IND,86.5,11.0,7.9
99,Rashaad Penny,RB,2019,SEA,75.3,10.0,7.5
101,Darrell Henderson,RB,2019,LAR,22.4,13.0,1.7
102,Los Angeles Rams,DST,2019,LAR,135.0,15.0,9.0
103,Dante Pettis,WR,2019,SF,34.5,11.0,3.1
104,Matt Breida,RB,2019,SF,101.7,12.0,8.5
105,Devin Singletary,RB,2019,BUF,147.9,12.0,12.3
106,Royce Freeman,RB,2019,DEN,140.8,15.0,9.4
107,Courtland Sutton,WR,2019,DEN,213.2,15.0,14.2
108,Austin Hooper,TE,2019,ATL,180.2,12.0,15.0
109,Greg Zuerlein,K,2019,LAR,121.0,15.0,8.1
110,Kyler Murray,QB,2019,ARI,282.3,15.0,18.8
111,Marquez Valdes-Scantling,WR,2019,GB,79.4,15.0,5.3
112,Tom Brady,QB,2019,NE,255.8,15.0,17.1
114,Lamar Jackson,QB,2019,BAL,421.7,15.0,28.1
115,Jacksonville Jaguars,DST,2019,JAC,89.0,15.0,5.9
117,Geronimo Allison,WR,2019,GB,70.7,15.0,4.7
118,Justin Tucker,K,2019,BAL,136.0,15.0,9.1
119,Peyton Barber,RB,2019,TB,111.0,15.0,7.4
120,James Washington,WR,2019,PIT,133.5,14.0,9.5
121,Dak Prescott,QB,2019,DAL,319.3,15.0,21.3
122,Jameis Winston,QB,2019,TB,318.7,15.0,21.3
123,Philip Rivers,QB,2019,LAC,237.8,15.0,15.9
125,Minnesota Vikings,DST,2019,MIN,138.0,15.0,9.2
126,Michael Gallup,WR,2019,DAL,179.9,13.0,13.8
127,Baltimore Ravens,DST,2019,BAL,137.0,15.0,9.1
128,Harrison Butker,K,2019,KC,158.0,15.0,10.5
129,Los Angeles Chargers,DST,2019,LAC,80.0,15.0,5.3
130,Tony Pollard,RB,2019,DAL,81.7,14.0,5.8
131,Kalen Ballage,RB,2019,MIA,51.8,12.0,4.3
133,Jaylen Samuels,RB,2019,PIT,102.8,13.0,7.9
134,Golden Tate,WR,2019,NYG,134.4,10.0,13.4
135,Wil Lutz,K,2019,NO,157.0,15.0,10.5
136,Dion Lewis,RB,2019,TEN,65.7,15.0,4.4
137,Greg Olsen,TE,2019,CAR,120.5,13.0,9.3
138,DK Metcalf,WR,2019,SEA,167.0,15.0,11.1
139,Adrian Peterson,RB,2019,WAS,140.2,15.0,9.4
140,Kyle Rudolph,TE,2019,MIN,113.7,15.0,7.6
141,Kirk Cousins,QB,2019,MIN,250.4,15.0,16.7
143,Mark Andrews,TE,2019,BAL,207.2,15.0,13.8
145,Tyrell Williams,WR,2019,LV,143.1,13.0,11.0
146,Mitch Trubisky,QB,2019,CHI,206.4,14.0,14.7
147,Keke Coutee,WR,2019,HOU,51.1,9.0,5.7
148,Darwin Thompson,RB,2019,KC,29.8,11.0,2.7
149,Anthony Miller,WR,2019,CHI,126.0,15.0,8.4
150,Ronald Jones,RB,2019,TB,154.7,15.0,10.3
151,T.J. Hockenson,TE,2019,DET,80.7,12.0,6.7
152,Carlos Hyde,RB,2019,HOU,151.9,15.0,10.1
153,Denver Broncos,DST,2019,DEN,96.0,15.0,6.4
154,Nyheim Hines,RB,2019,IND,109.3,15.0,7.3
156,Ka'imi Fairbairn,K,2019,HOU,108.0,15.0,7.2
157,Jamison Crowder,WR,2019,NYJ,177.1,15.0,11.8
158,New England Patriots,DST,2019,NE,230.0,15.0,15.3
159,John Brown,WR,2019,BUF,219.8,15.0,14.7
160,Cleveland Browns,DST,2019,CLE,89.0,15.0,5.9
161,Houston Texans,DST,2019,HOU,98.0,15.0,6.5
162,Justice Hill,RB,2019,BAL,37.6,15.0,2.5
163,Jimmy Garoppolo,QB,2019,SF,248.4,15.0,16.6
164,Mecole Hardman,WR,2019,KC,109.5,15.0,7.3
165,Josh Allen,QB,2019,BUF,297.3,15.0,19.8
166,Robbie Gould,K,2019,SF,107.0,12.0,8.9
168,Alexander Mattison,RB,2019,MIN,68.4,13.0,5.3
169,Dallas Cowboys,DST,2019,DAL,92.0,15.0,6.1
170,Mohamed Sanu,WR,2019,Multi,117.6,14.0,8.4
171,Derek Carr,QB,2019,LV,232.9,15.0,15.5
172,Philadelphia Eagles,DST,2019,PHI,104.0,15.0,6.9
174,Darren Waller,TE,2019,LV,204.3,15.0,13.6
175,Sam Darnold,QB,2019,NYJ,191.3,12.0,15.9
176,Deebo Samuel,WR,2019,SF,164.6,14.0,11.8
177,Trey Burton,TE,2019,CHI,22.4,9.0,2.5
178,Jake Elliott,K,2019,PHI,97.0,15.0,6.5
179,Buffalo Bills,DST,2019,BUF,129.0,15.0,8.6
180,Seattle Seahawks,DST,2019,SEA,122.0,15.0,8.1
182,Mason Crosby,K,2019,GB,103.0,15.0,6.9
183,Cole Beasley,WR,2019,BUF,184.8,15.0,12.3
185,Jimmy Graham,TE,2019,GB,91.8,15.0,6.1
186,Demaryius Thomas,WR,2019,Multi,85.3,11.0,7.8
187,New Orleans Saints,DST,2019,NO,125.0,15.0,8.3
188,Brett Maher,K,2019,DAL,105.0,13.0,8.1
190,Jason Myers,K,2019,SEA,114.0,15.0,7.6
191,Ty Montgomery,RB,2019,NYJ,32.3,15.0,2.2
192,Adam Humphries,WR,2019,TEN,86.5,12.0,7.2
193,Marquise Goodwin,WR,2019,SF,38.1,9.0,4.2
194,Jack Doyle,TE,2019,IND,110.2,15.0,7.4
195,Marquise Brown,WR,2019,BAL,142.9,13.0,11.0
196,Jalen Richard,RB,2019,LV,74.9,15.0,5.0
197,Tre'Quan Smith,WR,2019,NO,54.8,10.0,5.5
198,Kansas City Chiefs,DST,2019,KC,135.0,15.0,9.0
199,Pittsburgh Steelers,DST,2019,PIT,174.0,15.0,11.6
200,Jason Witten,TE,2019,DAL,133.5,15.0,8.9
201,Kenny Stills,WR,2019,HOU,120.1,13.0,9.2
202,Noah Fant,TE,2019,DEN,109.6,15.0,7.3
205,Giovani Bernard,RB,2019,CIN,68.0,15.0,4.5
206,Dallas Goedert,TE,2019,PHI,134.2,14.0,9.6
207,Adam Vinatieri,K,2019,IND,80.0,12.0,6.7
208,Albert Wilson,WR,2019,MIA,77.7,12.0,6.5
209,Randall Cobb,WR,2019,DAL,141.8,14.0,10.1
210,Ted Ginn,WR,2019,NO,83.9,15.0,5.6
211,Tyler Eifert,TE,2019,CIN,101.2,15.0,6.8
212,Frank Gore,RB,2019,BUF,87.7,15.0,5.9
214,Matt Prater,K,2019,DET,122.0,15.0,8.1
216,DaeSean Hamilton,WR,2019,DEN,52.2,15.0,3.5
217,Jacoby Brissett,QB,2019,IND,219.5,14.0,15.7
218,Green Bay Packers,DST,2019,GB,106.0,15.0,7.1
219,Tennessee Titans,DST,2019,TEN,126.0,15.0,8.4
221,Aldrick Rosas,K,2019,NYG,67.0,15.0,4.5
222,San Francisco 49ers,DST,2019,SF,162.0,15.0,10.8
224,Indianapolis Colts,DST,2019,IND,123.0,15.0,8.2
225,Chris Thompson,RB,2019,WAS,91.5,10.0,9.2
226,Andy Dalton,QB,2019,CIN,199.9,12.0,16.7
227,Chris Boswell,K,2019,PIT,122.0,15.0,8.1
229,Carolina Panthers,DST,2019,CAR,98.0,15.0,6.5
231,Brandon McManus,K,2019,DEN,117.0,15.0,7.8
232,DeVante Parker,WR,2019,MIA,224.5,15.0,15.0
233,New York Jets,DST,2019,NYJ,119.0,15.0,7.9
234,Malcolm Brown,RB,2019,LAR,48.9,13.0,3.8
235,Jamaal Williams,RB,2019,GB,145.9,14.0,10.4
237,Mike Davis,RB,2019,Multi,11.7,11.0,1.1
238,Stephen Hauschka,K,2019,BUF,97.0,15.0,6.5
239,Nelson Agholor,WR,2019,PHI,94.0,11.0,8.6
240,Zay Jones,WR,2019,Multi,44.8,14.0,3.2
241,Atlanta Falcons,DST,2019,ATL,84.0,15.0,5.6
242,Dan Bailey,K,2019,MIN,119.0,15.0,7.9
244,Paul Richardson,WR,2019,WAS,64.5,10.0,6.5
246,Andy Isabella,WR,2019,ARI,35.4,14.0,2.5
247,Taylor Gabriel,WR,2019,CHI,90.3,9.0,10.0
248,Benjamin Watson,TE,2019,NE,32.9,9.0,3.7
250,Phillip Dorsett,WR,2019,NE,94.8,13.0,7.3
3,Ezekiel Elliott,RB,2020,DAL,208.6,14.0,14.9
4,Dalvin Cook,RB,2020,MIN,337.8,14.0,24.1
6,Alvin Kamara,RB,2020,NO,377.8,15.0,25.2
7,Derrick Henry,RB,2020,TEN,298.1,15.0,19.9
8,Davante Adams,WR,2020,GB,341.8,13.0,26.3
9,Josh Jacobs,RB,2020,LV,210.4,14.0,15.0
11,Clyde Edwards-Helaire,RB,2020,KC,176.0,13.0,13.5
12,Miles Sanders,RB,2020,PHI,170.4,12.0,14.2
13,Austin Ekeler,RB,2020,LAC,148.2,9.0,16.5
14,Tyreek Hill,WR,2020,KC,328.9,15.0,21.9
15,Nick Chubb,RB,2020,CLE,190.9,11.0,17.4
16,Kenyan Drake,RB,2020,ARI,184.1,14.0,13.2
17,Julio Jones,WR,2020,ATL,146.1,9.0,16.2
18,DeAndre Hopkins,WR,2020,ARI,280.3,15.0,18.7
19,Aaron Jones,RB,2020,GB,240.4,13.0,18.5
20,Travis Kelce,TE,2020,KC,312.8,15.0,20.9
21,Patrick Mahomes,QB,2020,KC,380.3,15.0,25.4
22,Chris Godwin,WR,2020,TB,160.7,11.0,14.6
23,Lamar Jackson,QB,2020,BAL,316.5,14.0,22.6
26,Mike Evans,WR,2020,TB,241.0,15.0,16.1
27,Chris Carson,RB,2020,SEA,177.5,11.0,16.1
28,DJ Moore,WR,2020,CAR,196.4,14.0,14.0
29,Todd Gurley,RB,2020,ATL,158.7,14.0,11.3
30,Allen Robinson,WR,2020,CHI,257.2,15.0,17.2
32,Adam Thielen,WR,2020,MIN,244.3,14.0,17.5
33,JuJu Smith-Schuster,WR,2020,PIT,215.6,15.0,14.4
34,James Conner,RB,2020,PIT,153.4,12.0,12.8
35,Amari Cooper,WR,2020,DAL,226.7,15.0,15.1
36,David Johnson,RB,2020,HOU,158.5,11.0,14.4
37,Le'Veon Bell,RB,2020,Multi,74.6,11.0,6.8
38,Cooper Kupp,WR,2020,LAR,208.7,15.0,13.9
39,Melvin Gordon,RB,2020,DEN,177.4,14.0,12.7
40,Zach Ertz,TE,2020,PHI,72.9,10.0,7.3
41,Mark Andrews,TE,2020,BAL,163.4,13.0,12.6
42,A.J. Brown,WR,2020,TEN,216.4,13.0,16.7
43,Jonathan Taylor,RB,2020,IND,214.4,14.0,15.3
44,Calvin Ridley,WR,2020,ATL,270.9,14.0,19.4
45,Robert Woods,WR,2020,LAR,237.5,15.0,15.8
47,Keenan Allen,WR,2020,LAC,245.1,14.0,17.5
48,Tyler Lockett,WR,2020,SEA,232.4,15.0,15.5
49,DK Metcalf,WR,2020,SEA,266.2,15.0,17.8
50,Devin Singletary,RB,2020,BUF,141.3,15.0,9.4
52,D.J. Chark,WR,2020,JAC,153.6,13.0,11.8
54,Cam Akers,RB,2020,LAR,91.2,11.0,8.3
55,Mark Ingram,RB,2020,BAL,49.0,10.0,4.9
56,Terry McLaurin,WR,2020,WAS,206.8,14.0,14.8
57,T.Y. Hilton,WR,2020,IND,150.5,14.0,10.8
58,Darren Waller,TE,2020,LV,251.9,15.0,16.8
59,Kareem Hunt,RB,2020,CLE,213.4,15.0,14.2
60,Kyler Murray,QB,2020,ARI,386.9,15.0,25.8
61,Deshaun Watson,QB,2020,HOU,349.6,15.0,23.3
62,Leonard Fournette,RB,2020,TB,127.3,12.0,10.6
63,Russell Wilson,QB,2020,SEA,354.5,15.0,23.6
64,DeVante Parker,WR,2020,MIA,147.7,13.0,11.4
65,Stefon Diggs,WR,2020,BUF,314.0,15.0,20.9
66,David Montgomery,RB,2020,CHI,236.6,14.0,16.9
67,D'Andre Swift,RB,2020,DET,173.8,12.0,14.5
68,Marquise Brown,WR,2020,BAL,161.9,15.0,10.8
69,A.J. Green,WR,2020,CIN,111.3,15.0,7.4
70,Jarvis Landry,WR,2020,CLE,171.6,14.0,12.3
71,Evan Engram,TE,2020,NYG,137.3,15.0,9.2
72,Tyler Boyd,WR,2020,CIN,190.4,14.0,13.6
73,Michael Gallup,WR,2020,DAL,164.4,15.0,11.0
74,William Fuller,WR,2020,HOU,188.9,11.0,17.2
76,Rob Gronkowski,TE,2020,TB,144.4,15.0,9.6
77,James White,RB,2020,NE,103.5,13.0,8.0
78,Tom Brady,QB,2020,TB,318.7,15.0,21.3
79,Tyler Higbee,TE,2020,LAR,121.1,14.0,8.7
80,Drew Brees,QB,2020,NO,195.4,11.0,17.8
81,Matt Ryan,QB,2020,ATL,270.6,15.0,18.0
83,J.K. Dobbins,RB,2020,BAL,140.5,14.0,10.0
84,Hunter Henry,TE,2020,LAC,145.3,14.0,10.4
86,Brandin Cooks,WR,2020,HOU,192.4,14.0,13.7
87,Ronald Jones,RB,2020,TB,172.5,13.0,13.3
88,Phillip Lindsay,RB,2020,DEN,66.0,11.0,6.0
89,Marvin Jones,WR,2020,DET,189.8,15.0,12.7
91,Josh Allen,QB,2020,BUF,385.9,15.0,25.7
92,Aaron Rodgers,QB,2020,GB,362.1,15.0,24.1
94,Kerryon Johnson,RB,2020,DET,71.8,15.0,4.8
95,Matt Breida,RB,2020,MIA,42.0,11.0,3.8
96,Diontae Johnson,WR,2020,PIT,209.2,14.0,14.9
97,Antonio Gibson,RB,2020,WAS,193.1,13.0,14.9
98,Christian Kirk,WR,2020,ARI,146.4,14.0,10.5
99,Zack Moss,RB,2020,BUF,98.5,12.0,8.2
100,CeeDee Lamb,WR,2020,DAL,208.1,15.0,13.9
101,Jamison Crowder,WR,2020,NYJ,164.9,11.0,15.0
102,Carson Wentz,QB,2020,PHI,213.4,12.0,17.8
103,Jared Cook,TE,2020,NO,113.1,14.0,8.1
104,Sterling Shepard,WR,2020,NYG,128.9,11.0,11.7
105,Hayden Hurst,TE,2020,ATL,136.3,15.0,9.1
106,Emmanuel Sanders,WR,2020,NO,143.5,13.0,11.0
107,San Francisco 49ers,DST,2020,SF,88.0,15.0,5.9
108,Latavius Murray,RB,2020,NO,136.2,15.0,9.1
109,Matthew Stafford,QB,2020,DET,246.9,15.0,16.5
112,Jerry Jeudy,WR,2020,DEN,130.6,15.0,8.7
113,Darius Slayton,WR,2020,NYG,136.8,15.0,9.1
114,Noah Fant,TE,2020,DEN,140.5,14.0,10.0
115,Pittsburgh Steelers,DST,2020,PIT,144.0,15.0,9.6
116,Henry Ruggs,WR,2020,LV,79.3,12.0,6.6
118,Alexander Mattison,RB,2020,MIN,57.4,12.0,4.8
119,Austin Hooper,TE,2020,CLE,99.8,12.0,8.3
120,Baltimore Ravens,DST,2020,BAL,130.0,15.0,8.7
121,Justin Jefferson,WR,2020,MIN,251.9,15.0,16.8
123,Buffalo Bills,DST,2020,BUF,97.0,15.0,6.5
124,Darrell Henderson,RB,2020,LAR,130.3,15.0,8.7
125,Daniel Jones,QB,2020,NYG,174.3,13.0,13.4
126,Duke Johnson,RB,2020,HOU,84.4,11.0,7.7
127,Mecole Hardman,WR,2020,KC,125.6,15.0,8.4
128,Ben Roethlisberger,QB,2020,PIT,277.2,15.0,18.5
129,Justin Tucker,K,2020,BAL,137.0,15.0,9.1
130,T.J. Hockenson,TE,2020,DET,169.8,15.0,11.3
131,Boston Scott,RB,2020,PHI,85.7,15.0,5.7
132,Harrison Butker,K,2020,KC,131.0,15.0,8.7
133,Tony Pollard,RB,2020,DAL,114.4,15.0,7.6
134,Golden Tate,WR,2020,NYG,86.5,12.0,7.2
135,Robbie Anderson,WR,2020,CAR,217.1,15.0,14.5
136,Anthony Miller,WR,2020,CHI,105.4,15.0,7.0
137,Mike Gesicki,TE,2020,MIA,149.6,14.0,10.7
138,Chase Edmonds,RB,2020,ARI,163.5,15.0,10.9
140,New England Patriots,DST,2020,NE,100.0,15.0,6.7
141,Jared Goff,QB,2020,LAR,253.0,15.0,16.9
142,Chicago Bears,DST,2020,CHI,93.0,15.0,6.2
143,Baker Mayfield,QB,2020,CLE,240.6,15.0,16.0
144,Wil Lutz,K,2020,NO,125.0,15.0,8.3
145,Nyheim Hines,RB,2020,IND,180.5,15.0,12.0
146,Joe Burrow,QB,2020,CIN,178.6,10.0,17.9
147,Mike Williams,WR,2020,LAC,130.9,14.0,9.4
148,Sammy Watkins,WR,2020,KC,88.4,10.0,8.8
150,Ryan Tannehill,QB,2020,TEN,322.9,15.0,21.5
151,Cam Newton,QB,2020,NE,232.8,14.0,16.6
152,Minnesota Vikings,DST,2020,MIN,59.0,15.0,3.9
153,Jonnu Smith,TE,2020,TEN,138.4,14.0,9.9
154,Jalen Reagor,WR,2020,PHI,84.7,10.0,8.5
155,Greg Zuerlein,K,2020,DAL,137.0,15.0,9.1
156,Jack Doyle,TE,2020,IND,59.4,13.0,4.6
157,Chris Herndon,TE,2020,NYJ,54.4,15.0,3.6
158,N'Keal Harry,WR,2020,NE,70.2,13.0,5.4
160,Allen Lazard,WR,2020,GB,94.1,9.0,10.5
162,Breshad Perriman,WR,2020,NYJ,87.7,11.0,8.0
163,Brandon Aiyuk,WR,2020,SF,184.5,12.0,15.4
164,Michael Pittman,WR,2020,IND,93.9,12.0,7.8
166,Adrian Peterson,RB,2020,DET,112.2,15.0,7.5
167,AJ Dillon,RB,2020,GB,40.0,10.0,4.0
168,Damien Harris,RB,2020,NE,91.3,10.0,9.1
169,New Orleans Saints,DST,2020,NO,109.0,15.0,7.3
170,Robbie Gould,K,2020,SF,106.0,15.0,7.1
172,Darrel Williams,RB,2020,KC,53.3,15.0,3.6
173,Philip Rivers,QB,2020,IND,239.6,15.0,16.0
175,Gardner Minshew,QB,2020,JAC,165.5,9.0,18.4
176,Drew Lock,QB,2020,DEN,172.1,12.0,14.3
177,Larry Fitzgerald,WR,2020,ARI,100.9,13.0,7.8
178,Kansas City Chiefs,DST,2020,KC,109.0,15.0,7.3
179,Zane Gonzalez,K,2020,ARI,98.0,12.0,8.2
180,Los Angeles Chargers,DST,2020,LAC,71.0,15.0,4.7
181,Los Angeles Rams,DST,2020,LAR,131.0,15.0,8.7
182,Matt Prater,K,2020,DET,110.0,15.0,7.3
183,Indianapolis Colts,DST,2020,IND,136.0,15.0,9.1
184,Tampa Bay Buccaneers,DST,2020,TB,114.0,15.0,7.6
185,Younghoe Koo,K,2020,ATL,159.0,14.0,11.4
186,Jake Elliott,K,2020,PHI,73.0,15.0,4.9
187,Eric Ebron,TE,2020,PIT,141.8,15.0,9.5
189,Dallas Goedert,TE,2020,PHI,116.4,11.0,10.6
190,Philadelphia Eagles,DST,2020,PHI,95.0,15.0,6.3
191,Seattle Seahawks,DST,2020,SEA,100.0,15.0,6.7
192,Benny Snell,RB,2020,PIT,73.9,15.0,4.9
193,Chris Boswell,K,2020,PIT,100.0,13.0,7.7
194,Curtis Samuel,WR,2020,CAR,193.0,14.0,13.8
195,Dan Bailey,K,2020,MIN,83.0,15.0,5.5
196,Ke'Shawn Vaughn,RB,2020,TB,23.3,9.0,2.6
197,Jerick McKinnon,RB,2020,SF,124.6,15.0,8.3
198,Ka'imi Fairbairn,K,2020,HOU,115.0,15.0,7.7
199,Kirk Cousins,QB,2020,MIN,284.9,15.0,19.0
201,Bryan Edwards,WR,2020,LV,23.2,11.0,2.1
202,Teddy Bridgewater,QB,2020,CAR,246.4,14.0,17.6
203,Joshua Kelley,RB,2020,LAC,81.2,13.0,6.3
204,Ryan Succop,K,2020,TB,131.0,15.0,8.7
205,Denver Broncos,DST,2020,DEN,67.0,15.0,4.5
207,Randall Cobb,WR,2020,HOU,100.1,10.0,10.0
208,Greg Olsen,TE,2020,SEA,53.9,11.0,4.9
209,Derek Carr,QB,2020,LV,258.1,15.0,17.2
210,Irv Smith,TE,2020,MIN,93.5,12.0,7.8
211,Carlos Hyde,RB,2020,SEA,84.9,10.0,8.5
213,Cole Beasley,WR,2020,BUF,207.5,15.0,13.8
214,Kyle Rudolph,TE,2020,MIN,65.4,12.0,5.5
215,LeSean McCoy,RB,2020,TB,28.2,10.0,2.8
216,Tennessee Titans,DST,2020,TEN,64.0,15.0,4.3
218,Sam Darnold,QB,2020,NYJ,132.1,11.0,12.0
219,Dallas Cowboys,DST,2020,DAL,72.0,15.0,4.8
220,Mason Crosby,K,2020,GB,115.0,15.0,7.7
222,Jason Myers,K,2020,SEA,130.0,15.0,8.7
223,Brandon McManus,K,2020,DEN,125.0,14.0,8.9
224,Jimmy Graham,TE,2020,CHI,141.1,15.0,9.4
225,Hunter Renfrow,WR,2020,LV,126.2,15.0,8.4
226,Washington Commanders,DST,2020,WAS,117.0,15.0,7.8
227,James Robinson,RB,2020,JAC,250.4,14.0,17.9
228,Jamaal Williams,RB,2020,GB,124.5,13.0,9.6
229,Stephen Gostkowski,K,2020,TEN,119.0,15.0,7.9
230,Will Dissly,TE,2020,SEA,58.1,15.0,3.9
231,Green Bay Packers,DST,2020,GB,88.0,15.0,5.9
234,Tua Tagovailoa,QB,2020,MIA,122.2,9.0,13.6
235,Ian Thomas,TE,2020,CAR,39.6,15.0,2.6
238,Tee Higgins,WR,2020,CIN,194.6,15.0,13.0
239,Rodrigo Blankenship,K,2020,IND,142.0,15.0,9.5
241,Tyler Eifert,TE,2020,JAC,80.9,14.0,5.8
242,James Washington,WR,2020,PIT,99.2,15.0,6.6
244,Corey Davis,WR,2020,TEN,182.5,13.0,14.0
246,Houston Texans,DST,2020,HOU,45.0,15.0,3.0
247,Jace Sternberger,TE,2020,GB,29.4,12.0,2.5
249,Jalen Richard,RB,2020,LV,51.1,13.0,3.9
250,Laviska Shenault,WR,2020,JAC,132.5,13.0,10.2
2,Dalvin Cook,RB,2021,MIN,192.8,11.0,17.5
3,Alvin Kamara,RB,2021,NO,195.5,11.0,17.8
5,Ezekiel Elliott,RB,2021,DAL,238.1,15.0,15.9
6,Davante Adams,WR,2021,GB,302.2,14.0,21.6
7,Travis Kelce,TE,2021,KC,236.0,14.0,16.9
8,Aaron Jones,RB,2021,GB,213.4,14.0,15.2
9,Saquon Barkley,RB,2021,NYG,130.5,12.0,10.9
10,Austin Ekeler,RB,2021,LAC,294.7,14.0,21.1
11,Jonathan Taylor,RB,2021,IND,342.2,15.0,22.8
12,Nick Chubb,RB,2021,CLE,202.5,12.0,16.9
13,Tyreek Hill,WR,2021,KC,285.1,15.0,19.0
14,Stefon Diggs,WR,2021,BUF,252.2,15.0,16.8
15,Najee Harris,RB,2021,PIT,261.6,15.0,17.4
16,DeAndre Hopkins,WR,2021,ARI,147.2,10.0,14.7
17,Antonio Gibson,RB,2021,WAS,207.0,15.0,13.8
18,Patrick Mahomes,QB,2021,KC,327.1,15.0,21.8
20,DK Metcalf,WR,2021,SEA,202.6,15.0,13.5
21,Joe Mixon,RB,2021,CIN,272.3,15.0,18.2
22,Darren Waller,TE,2021,LV,129.3,10.0,12.9
23,Justin Jefferson,WR,2021,MIN,296.5,15.0,19.8
24,A.J. Brown,WR,2021,TEN,158.0,11.0,14.4
25,Clyde Edwards-Helaire,RB,2021,KC,116.5,10.0,11.7
26,George Kittle,TE,2021,SF,187.5,12.0,15.6
27,Keenan Allen,WR,2021,LAC,232.2,14.0,16.6
28,Terry McLaurin,WR,2021,WAS,187.1,15.0,12.5
29,Josh Allen,QB,2021,BUF,369.9,15.0,24.7
30,David Montgomery,RB,2021,CHI,165.0,12.0,13.8
31,Allen Robinson,WR,2021,CHI,73.3,10.0,7.3
33,CeeDee Lamb,WR,2021,DAL,218.2,14.0,15.6
34,James Robinson,RB,2021,JAC,173.9,14.0,12.4
35,Mike Evans,WR,2021,TB,220.9,14.0,15.8
36,Josh Jacobs,RB,2021,LV,185.6,13.0,14.3
37,D'Andre Swift,RB,2021,DET,188.4,11.0,17.1
38,Miles Sanders,RB,2021,PHI,117.2,12.0,9.8
39,Robert Woods,WR,2021,LAR,137.2,9.0,15.2
40,Kyler Murray,QB,2021,ARI,270.5,12.0,22.5
41,Amari Cooper,WR,2021,DAL,178.8,13.0,13.8
42,Chris Godwin,WR,2021,TB,242.4,14.0,17.3
43,Lamar Jackson,QB,2021,BAL,253.0,12.0,21.1
44,Cooper Kupp,WR,2021,LAR,391.4,15.0,26.1
45,Julio Jones,WR,2021,TEN,63.6,9.0,7.1
46,Kyle Pitts,TE,2021,ATL,164.9,15.0,11.0
47,Tyler Lockett,WR,2021,SEA,202.3,14.0,14.5
48,Myles Gaskin,RB,2021,MIA,167.3,15.0,11.2
49,Mark Andrews,TE,2021,BAL,269.7,15.0,18.0
50,Adam Thielen,WR,2021,MIN,199.8,13.0,15.4
51,Diontae Johnson,WR,2021,PIT,245.2,14.0,17.5
52,DJ Moore,WR,2021,CAR,214.6,15.0,14.3
53,Aaron Rodgers,QB,2021,GB,302.8,14.0,21.6
54,Russell Wilson,QB,2021,SEA,195.9,12.0,16.3
55,Dak Prescott,QB,2021,DAL,275.6,14.0,19.7
56,Mike Davis,RB,2021,ATL,123.7,15.0,8.3
58,T.J. Hockenson,TE,2021,DET,145.3,12.0,12.1
59,Darrell Henderson,RB,2021,LAR,163.4,12.0,13.6
60,Javonte Williams,RB,2021,DEN,192.3,15.0,12.8
61,Brandon Aiyuk,WR,2021,SF,140.2,15.0,9.4
62,Chase Edmonds,RB,2021,ARI,130.1,11.0,11.8
63,Justin Herbert,QB,2021,LAC,349.5,15.0,23.3
64,Tee Higgins,WR,2021,CIN,209.9,13.0,16.2
66,Odell Beckham,WR,2021,Multi,110.4,12.0,9.2
68,Chase Claypool,WR,2021,PIT,143.9,13.0,11.1
70,Tom Brady,QB,2021,TB,334.3,15.0,22.3
71,Damien Harris,RB,2021,NE,175.1,13.0,13.5
72,Jerry Jeudy,WR,2021,DEN,80.0,9.0,8.9
73,Ja'Marr Chase,WR,2021,CIN,244.4,15.0,16.3
74,Kenny Golladay,WR,2021,NYG,83.9,12.0,7.0
75,DeVonta Smith,WR,2021,PHI,170.1,15.0,11.3
76,Robbie Anderson,WR,2021,CAR,117.5,15.0,7.8
78,Courtland Sutton,WR,2021,DEN,138.3,15.0,9.2
79,Melvin Gordon,RB,2021,DEN,168.4,14.0,12.0
81,Noah Fant,TE,2021,DEN,135.2,14.0,9.7
82,Leonard Fournette,RB,2021,TB,255.6,14.0,18.3
84,Deebo Samuel,WR,2021,SF,292.8,14.0,20.9
85,Matthew Stafford,QB,2021,LAR,311.0,15.0,20.7
87,Tyler Boyd,WR,2021,CIN,170.2,15.0,11.4
88,Ronald Jones,RB,2021,TB,75.5,14.0,5.4
89,Laviska Shenault,WR,2021,JAC,112.5,14.0,8.0
90,Brandin Cooks,WR,2021,HOU,206.6,14.0,14.8
91,Michael Carter,RB,2021,NYJ,145.2,12.0,12.1
92,Ryan Tannehill,QB,2021,TEN,241.5,15.0,16.1
94,Corey Davis,WR,2021,NYJ,105.2,9.0,11.7
95,Jalen Hurts,QB,2021,PHI,308.2,14.0,22.0
96,Dallas Goedert,TE,2021,PHI,151.9,14.0,10.9
97,James Conner,RB,2021,ARI,230.4,14.0,16.5
99,Jarvis Landry,WR,2021,CLE,104.6,10.0,10.5
100,Tampa Bay Buccaneers,DST,2021,TB,131.0,15.0,8.7
101,AJ Dillon,RB,2021,GB,155.6,15.0,10.4
102,Michael Pittman,WR,2021,IND,207.5,15.0,13.8
103,Kenyan Drake,RB,2021,LV,102.5,12.0,8.5
104,Zack Moss,RB,2021,BUF,97.9,11.0,8.9
105,Jaylen Waddle,WR,2021,MIA,224.4,14.0,16.0
106,Los Angeles Rams,DST,2021,LAR,101.0,15.0,6.7
108,Mike Gesicki,TE,2021,MIA,151.7,15.0,10.1
109,Pittsburgh Steelers,DST,2021,PIT,84.0,15.0,5.6
110,Joe Burrow,QB,2021,CIN,293.3,15.0,19.6
111,Tyler Higbee,TE,2021,LAR,110.6,13.0,8.5
112,Devin Singletary,RB,2021,BUF,149.6,15.0,10.0
113,Jamaal Williams,RB,2021,DET,100.2,11.0,9.1
114,Sony Michel,RB,2021,LAR,121.5,15.0,8.1
117,Washington Commanders,DST,2021,WAS,71.0,15.0,4.7
118,Marvin Jones,WR,2021,JAC,151.8,15.0,10.1
119,Marquez Callaway,WR,2021,NO,136.1,15.0,9.1
120,Mike Williams,WR,2021,LAC,204.4,14.0,14.6
121,Jonnu Smith,TE,2021,NE,63.4,14.0,4.5
122,Marquise Brown,WR,2021,BAL,216.8,14.0,15.5
123,Baltimore Ravens,DST,2021,BAL,67.0,15.0,4.5
124,Nyheim Hines,RB,2021,IND,102.9,15.0,6.9
125,Rob Gronkowski,TE,2021,TB,132.0,10.0,13.2
126,Harrison Butker,K,2021,KC,123.0,14.0,8.8
127,Justin Tucker,K,2021,BAL,139.0,15.0,9.3
128,Trevor Lawrence,QB,2021,JAC,187.1,15.0,12.5
129,Darnell Mooney,WR,2021,CHI,175.2,15.0,11.7
131,David Johnson,RB,2021,HOU,74.7,12.0,6.2
132,Tony Pollard,RB,2021,DAL,153.8,14.0,11.0
133,Mecole Hardman,WR,2021,KC,115.3,15.0,7.7
135,San Francisco 49ers,DST,2021,SF,100.0,15.0,6.7
136,Baker Mayfield,QB,2021,CLE,178.8,13.0,13.8
137,Buffalo Bills,DST,2021,BUF,128.0,15.0,8.5
138,J.D. McKissic,RB,2021,WAS,127.9,11.0,11.6
139,Justin Fields,QB,2021,CHI,136.9,12.0,11.4
140,Matt Ryan,QB,2021,ATL,216.4,15.0,14.4
141,Younghoe Koo,K,2021,ATL,107.0,15.0,7.1
142,Cole Beasley,WR,2021,BUF,146.0,14.0,10.4
143,Jakobi Meyers,WR,2021,NE,156.0,14.0,11.1
144,Elijah Moore,WR,2021,NYJ,138.2,11.0,12.6
145,Phillip Lindsay,RB,2021,Multi,39.5,12.0,3.3
146,Russell Gage,WR,2021,ATL,127.4,11.0,11.6
149,Indianapolis Colts,DST,2021,IND,131.0,15.0,8.7
150,Hunter Henry,TE,2021,NE,144.0,14.0,10.3
151,Alexander Mattison,RB,2021,MIN,117.5,14.0,8.4
152,Tyler Bass,K,2021,BUF,130.0,15.0,8.7
153,Kirk Cousins,QB,2021,MIN,285.4,15.0,19.0
154,Tua Tagovailoa,QB,2021,MIA,173.4,11.0,15.8
155,New England Patriots,DST,2021,NE,145.0,15.0,9.7
156,Evan Engram,TE,2021,NYG,98.9,13.0,7.6
157,Denver Broncos,DST,2021,DEN,119.0,15.0,7.9
158,Jason Sanders,K,2021,MIA,102.0,15.0,6.8
159,Ben Roethlisberger,QB,2021,PIT,207.8,14.0,14.8
160,Zach Ertz,TE,2021,Multi,154.2,15.0,10.3
161,Jared Cook,TE,2021,LAC,120.4,15.0,8.0
162,Ryan Succop,K,2021,TB,118.0,15.0,7.9
163,Tevin Coleman,RB,2021,NYJ,50.9,10.0,5.1
165,Rhamondre Stevenson,RB,2021,NE,87.6,10.0,8.8
167,Austin Hooper,TE,2021,CLE,87.7,14.0,6.3
168,Cleveland Browns,DST,2021,CLE,92.0,15.0,6.1
169,Giovani Bernard,RB,2021,TB,59.1,10.0,5.9
170,Nelson Agholor,WR,2021,NE,100.1,14.0,7.2
171,Chuba Hubbard,RB,2021,CAR,108.2,14.0,7.7
172,Mac Jones,QB,2021,NE,203.9,15.0,13.6
173,Rondale Moore,WR,2021,ARI,109.1,14.0,7.8
175,Greg Zuerlein,K,2021,DAL,128.0,14.0,9.1
176,Kenneth Gainwell,RB,2021,PHI,104.3,14.0,7.5
177,Gerald Everett,TE,2021,SEA,108.2,13.0,8.3
179,Daniel Carlson,K,2021,LV,140.0,15.0,9.3
180,Kansas City Chiefs,DST,2021,KC,119.0,15.0,7.9
181,Derek Carr,QB,2021,LV,243.1,15.0,16.2
182,Jalen Reagor,WR,2021,PHI,73.5,15.0,4.9
183,Cole Kmet,TE,2021,CHI,106.9,15.0,7.1
185,New Orleans Saints,DST,2021,NO,120.0,15.0,8.0
187,Terrace Marshall,WR,2021,CAR,29.2,11.0,2.7
188,Miami Dolphins,DST,2021,MIA,135.0,15.0,9.0
189,Zach Wilson,QB,2021,NYJ,139.6,11.0,12.7
190,Jason Myers,K,2021,SEA,78.0,15.0,5.2
191,Latavius Murray,RB,2021,BAL,79.5,12.0,6.6
192,Mason Crosby,K,2021,GB,117.0,15.0,7.8
193,Emmanuel Sanders,WR,2021,BUF,131.7,14.0,9.4
194,A.J. Green,WR,2021,ARI,140.1,14.0,10.0
196,Randall Cobb,WR,2021,GB,93.6,11.0,8.5
197,Gabriel Davis,WR,2021,BUF,112.0,13.0,8.6
198,Matt Prater,K,2021,ARI,126.0,15.0,8.4
199,Daniel Jones,QB,2021,NYG,174.6,11.0,15.9
200,Green Bay Packers,DST,2021,GB,114.0,15.0,7.6
201,Bryan Edwards,WR,2021,LV,98.8,14.0,7.1
202,Matt Gay,K,2021,LAR,150.0,15.0,10.0
204,Pat Freiermuth,TE,2021,PIT,133.2,14.0,9.5
205,Sam Darnold,QB,2021,CAR,151.8,10.0,15.2
206,Darrel Williams,RB,2021,KC,162.6,15.0,10.8
207,Anthony Firkser,TE,2021,TEN,46.1,13.0,3.6
208,Brandon McManus,K,2021,DEN,114.0,15.0,7.6
211,Amon-Ra St.,WR,2021,DET,165.8,14.0,11.8
212,Mark Ingram,RB,2021,Multi,108.6,14.0,7.8
213,Seattle Seahawks,DST,2021,SEA,83.0,15.0,5.5
217,Chicago Bears,DST,2021,CHI,81.0,15.0,5.4
218,Adam Trautman,TE,2021,NO,54.5,10.0,5.5
219,Robbie Gould,K,2021,SF,91.0,11.0,8.3
220,Christian Kirk,WR,2021,ARI,187.4,15.0,12.5
221,Jamison Crowder,WR,2021,NYJ,107.1,11.0,9.7
222,Ty Johnson,RB,2021,NYJ,99.9,13.0,7.7
224,Damien Williams,RB,2021,CHI,48.4,10.0,4.8
225,Tennessee Titans,DST,2021,TEN,106.0,15.0,7.1
226,Minnesota Vikings,DST,2021,MIN,110.0,15.0,7.3
227,Carson Wentz,QB,2021,IND,241.9,15.0,16.1
228,Rashod Bateman,WR,2021,BAL,86.5,10.0,8.7
229,Tre'Quan Smith,WR,2021,NO,69.1,9.0,7.7
232,Graham Gano,K,2021,NYG,119.0,15.0,7.9
233,Devontae Booker,RB,2021,NYG,132.9,14.0,9.5
234,Arizona Cardinals,DST,2021,ARI,116.0,15.0,7.7
235,Allen Lazard,WR,2021,GB,98.8,12.0,8.2
237,Los Angeles Chargers,DST,2021,LAC,66.0,15.0,4.4
238,Marquez Valdes-Scantling,WR,2021,GB,85.7,9.0,9.5
239,Carolina Panthers,DST,2021,CAR,89.0,15.0,5.9
242,Chris Boswell,K,2021,PIT,134.0,15.0,8.9
244,Sammy Watkins,WR,2021,BAL,70.4,10.0,7.0
245,Jared Goff,QB,2021,DET,184.9,13.0,14.2
246,Boston Scott,RB,2021,PHI,74.0,10.0,7.4
248,O.J. Howard,TE,2021,TB,33.5,11.0,3.1
249,Kadarius Toney,WR,2021,NYG,82.4,9.0,9.2
